"_time","src_user","src_ip","src_port","dest_user","dest_ip","dest_port","input_byte","output_byte"
"2018-01-19T19:46:00.000+0300",c15cf96d9b56740c974661d209ef44f7,9ec3b27794d1d302fa04a94836249f4a,55991,,1f1b55833917801cbd2ed9a313095d9e,443,1019,3562
"2018-01-19T19:46:00.000+0300",c15cf96d9b56740c974661d209ef44f7,9ec3b27794d1d302fa04a94836249f4a,55979,,353a9f7687529bc37e3c8bcae6dcfdfa,443,840,357
"2018-01-19T19:46:00.000+0300",c15cf96d9b56740c974661d209ef44f7,9ec3b27794d1d302fa04a94836249f4a,34432,,072f83db38ddd013e59a3616bd3b05a6,53,61,135
"2018-01-19T19:46:00.000+0300",c15cf96d9b56740c974661d209ef44f7,9ec3b27794d1d302fa04a94836249f4a,49932,,072f83db38ddd013e59a3616bd3b05a6,53,61,77
"2018-01-19T19:46:00.000+0300",c15cf96d9b56740c974661d209ef44f7,9ec3b27794d1d302fa04a94836249f4a,55994,,ee76d4dce963e690712339f7bf064705,443,757,3511
"2018-01-19T19:46:00.000+0300",c15cf96d9b56740c974661d209ef44f7,9ec3b27794d1d302fa04a94836249f4a,58874,,072f83db38ddd013e59a3616bd3b05a6,53,62,114
"2018-01-19T19:46:00.000+0300",c15cf96d9b56740c974661d209ef44f7,9ec3b27794d1d302fa04a94836249f4a,55989,,1f1b55833917801cbd2ed9a313095d9e,443,1019,3562
"2018-01-19T19:46:00.000+0300",c15cf96d9b56740c974661d209ef44f7,9ec3b27794d1d302fa04a94836249f4a,28236,,072f83db38ddd013e59a3616bd3b05a6,53,61,125
"2018-01-19T19:45:57.000+0300",c15cf96d9b56740c974661d209ef44f7,9ec3b27794d1d302fa04a94836249f4a,57209,,072f83db38ddd013e59a3616bd3b05a6,53,65,117
"2018-01-19T19:45:57.000+0300",ef4da7cbd631a572d3a1413bf393a6c5,fd1c0a3de2d7dbd9d75ba0c32592896e,65261,,4b744213664ce6597faec2f767d2b9d2,443,40,121
"2018-01-19T19:45:56.000+0300",,6691f23c089bbe48495628d99426dd76,7323,ef407a4a8c7262284b558651b8e7eff3,57b890be6203e4341d3bdd14625dc39c,23,40,0
"2018-01-19T19:45:56.000+0300",,d2aabac0c20df8163d1370b233c489f7,52418,6ff0818f573c4f5ac8da5b8886665141,d7b49cab6df695d4372bdc6ddf702f9c,23,40,0
"2018-01-19T19:45:56.000+0300",c0bd643a643bca0e3e7922d6927af493,1ba18797f9afb9ddb9d27a286a1f3a4b,50939,,0956783fe5a6d8e0f864b5eaf4084063,53,74,178
"2018-01-19T19:45:56.000+0300",c12824f3d3dfd9bb079d58306abc0a78,01e0309bfdb8f43ef3568db9f157e8e5,57744,,4b744213664ce6597faec2f767d2b9d2,443,52,137
"2018-01-19T19:45:55.000+0300",5e2465e758437a37a699c0a4a28d4645,e880a02505b49c0d5c3b3119efe19acf,62972,,34ea3a5af427aec1769f692810daa1bc,443,3310,0
"2018-01-19T19:45:53.000+0300",5e2465e758437a37a699c0a4a28d4645,e880a02505b49c0d5c3b3119efe19acf,61392,,5b656810e2df7098c720a8e9349e5801,5223,205,105
"2018-01-19T19:45:53.000+0300",f2825c1deb48cc723dc27b598c662610,43ed6a1c781031fa618c0350a801e52f,39424,,241b59d4cc47e9b40d1582c7d2985c9e,443,2629,4910
"2018-01-19T19:45:52.000+0300",4f016e996b93c6fa8c566985f55163ab,412ee7623a84435875ebe50643a37851,35476,,072f83db38ddd013e59a3616bd3b05a6,53,65,81
"2018-01-19T19:45:52.000+0300",4f016e996b93c6fa8c566985f55163ab,412ee7623a84435875ebe50643a37851,64382,,0956783fe5a6d8e0f864b5eaf4084063,53,72,128
"2018-01-19T19:45:52.000+0300",4f016e996b93c6fa8c566985f55163ab,412ee7623a84435875ebe50643a37851,57732,,0956783fe5a6d8e0f864b5eaf4084063,53,69,168
"2018-01-19T19:45:52.000+0300",4f016e996b93c6fa8c566985f55163ab,412ee7623a84435875ebe50643a37851,51077,,0956783fe5a6d8e0f864b5eaf4084063,53,69,122
"2018-01-19T19:45:52.000+0300",4f016e996b93c6fa8c566985f55163ab,412ee7623a84435875ebe50643a37851,1590,,072f83db38ddd013e59a3616bd3b05a6,53,66,94
"2018-01-19T19:45:52.000+0300",4f016e996b93c6fa8c566985f55163ab,412ee7623a84435875ebe50643a37851,50491,,850ba99166ec5d0377f711a4eca9cc1e,443,2793,5938
"2018-01-19T19:45:52.000+0300",33aecf54a8eab5d1c06b2dce27dec355,1ddc2b40eee61ab2783073ebd50a0254,55750,,307d6cbf8ae0f15371e42e9a69d39f31,443,992,1743
"2018-01-19T19:45:51.000+0300",f2825c1deb48cc723dc27b598c662610,43ed6a1c781031fa618c0350a801e52f,60995,,0956783fe5a6d8e0f864b5eaf4084063,53,130,262
"2018-01-19T19:45:51.000+0300",4f016e996b93c6fa8c566985f55163ab,412ee7623a84435875ebe50643a37851,50467,,9599d5bcd2ef3836e7b3f139b93d8a83,443,1172,4367
"2018-01-19T19:45:51.000+0300",4f016e996b93c6fa8c566985f55163ab,412ee7623a84435875ebe50643a37851,58366,,0956783fe5a6d8e0f864b5eaf4084063,53,68,84
"2018-01-19T19:45:51.000+0300",c0bd643a643bca0e3e7922d6927af493,1ba18797f9afb9ddb9d27a286a1f3a4b,58616,,0956783fe5a6d8e0f864b5eaf4084063,53,71,133
"2018-01-19T19:45:51.000+0300",f2825c1deb48cc723dc27b598c662610,43ed6a1c781031fa618c0350a801e52f,50219,,0956783fe5a6d8e0f864b5eaf4084063,53,130,262
"2018-01-19T19:45:51.000+0300",c0bd643a643bca0e3e7922d6927af493,1ba18797f9afb9ddb9d27a286a1f3a4b,54594,,0956783fe5a6d8e0f864b5eaf4084063,53,71,180
"2018-01-19T19:45:51.000+0300",,7b25ecff5c16e19a0d6a684f892c7dca,58080,efdb5488cc509caff4c2de4654240f9d,f32ed332994d599e45b8bdbfc8d1da7d,3389,40,0
"2018-01-19T20:07:00.000+0300",4f1239aa0c443ffd717c80321392f2ad,c63ffaf4c8fcad4bee2fc40bbb82e419,24097,,c30056ae74b259c0035ce272ade675b0,40018,159,49
"2018-01-19T20:06:58.000+0300",d7988e912bef788f3ba65a206db8f096,1e356871888ebae4ab690a7839919ad6,63802,,affeb331f8e6f356486fa80e9a4f85ea,80,1298,2112
"2018-01-19T20:06:56.000+0300",d7988e912bef788f3ba65a206db8f096,1e356871888ebae4ab690a7839919ad6,63795,,fda5b3c71c351ec468b649fc453b5d8b,80,1050,724
"2018-01-19T20:06:54.000+0300",57798cc3fbf614f3b4d04e60a81a4793,128f02244e8540676413cba4ab3641c0,32277,,a244ef19422ba2515f88a145e2b47793,40020,60,48
"2018-01-19T20:06:46.000+0300",61f24d9eb3ed7d007a5fa5f5d826b2a1,4fe8325c0e937e61818b7451f23e5efe,49273,,0956783fe5a6d8e0f864b5eaf4084063,53,0,86
"2018-01-19T20:06:45.000+0300",57798cc3fbf614f3b4d04e60a81a4793,128f02244e8540676413cba4ab3641c0,62200,,dd7ee7fec914432e3951112b884d0593,443,361,365
"2018-01-19T20:06:42.000+0300",d7988e912bef788f3ba65a206db8f096,1e356871888ebae4ab690a7839919ad6,63761,,ee496d262b3fada78f2748a6d9643745,80,4568,5543
"2018-01-19T20:06:38.000+0300",f2825c1deb48cc723dc27b598c662610,43ed6a1c781031fa618c0350a801e52f,51098,,072f83db38ddd013e59a3616bd3b05a6,53,52,52
"2018-01-19T20:06:37.000+0300",efdb5488cc509caff4c2de4654240f9d,f32ed332994d599e45b8bdbfc8d1da7d,18185,,072f83db38ddd013e59a3616bd3b05a6,53,73,101
"2018-01-19T20:06:33.000+0300",c0bd643a643bca0e3e7922d6927af493,1ba18797f9afb9ddb9d27a286a1f3a4b,65492,,886e1beac27b3bc7a666759d2e48b788,443,5499,191870
"2018-01-19T20:06:32.000+0300",33aecf54a8eab5d1c06b2dce27dec355,1ddc2b40eee61ab2783073ebd50a0254,53586,,3e2c1b09ab7a814378d0481fb770096b,443,171,179
"2018-01-19T20:06:31.000+0300",4101960e5927fafb5cd0dbbffb401cb9,4d58757b70486bab24157457e3959717,50648,,307d6cbf8ae0f15371e42e9a69d39f31,443,1083,1847
"2018-01-19T20:06:30.000+0300",c0bd643a643bca0e3e7922d6927af493,1ba18797f9afb9ddb9d27a286a1f3a4b,53532,,0956783fe5a6d8e0f864b5eaf4084063,53,61,112
"2018-01-19T20:06:28.000+0300",d7988e912bef788f3ba65a206db8f096,1e356871888ebae4ab690a7839919ad6,63659,,602e39fc425e73cd02ef08967a207a6e,80,478,413
"2018-01-19T20:06:27.000+0300",c0bd643a643bca0e3e7922d6927af493,1ba18797f9afb9ddb9d27a286a1f3a4b,62086,,0956783fe5a6d8e0f864b5eaf4084063,53,61,77
"2018-01-19T20:06:27.000+0300",c0bd643a643bca0e3e7922d6927af493,1ba18797f9afb9ddb9d27a286a1f3a4b,61844,,0956783fe5a6d8e0f864b5eaf4084063,53,62,112
"2018-01-19T20:06:25.000+0300",c12824f3d3dfd9bb079d58306abc0a78,01e0309bfdb8f43ef3568db9f157e8e5,57969,,58354b4aa8f27a0c0ee91d4e45aae905,443,386,567
"2018-01-19T20:02:01.000+0300",4101960e5927fafb5cd0dbbffb401cb9,4d58757b70486bab24157457e3959717,50316,,4b744213664ce6597faec2f767d2b9d2,443,52,137
"2018-01-19T20:02:01.000+0300",61f24d9eb3ed7d007a5fa5f5d826b2a1,4fe8325c0e937e61818b7451f23e5efe,64403,,0956783fe5a6d8e0f864b5eaf4084063,53,65,81
"2018-01-19T20:02:01.000+0300",740ff131c0a2b5141649321ee195009b,2233ea5f6aba8e8757417625667eab20,54281,,d471d23bae7a1a0820374f2e2898b164,443,120,237
"2018-01-19T20:02:01.000+0300",d7988e912bef788f3ba65a206db8f096,1e356871888ebae4ab690a7839919ad6,63473,,831ef4c0b15a6689e6e01e5133b53122,443,2602,0
"2018-01-19T20:02:01.000+0300",61f24d9eb3ed7d007a5fa5f5d826b2a1,4fe8325c0e937e61818b7451f23e5efe,63685,,0956783fe5a6d8e0f864b5eaf4084063,53,65,93
"2018-01-19T20:02:01.000+0300",61f24d9eb3ed7d007a5fa5f5d826b2a1,4fe8325c0e937e61818b7451f23e5efe,62817,,0956783fe5a6d8e0f864b5eaf4084063,53,65,93
"2018-01-19T20:02:01.000+0300",61f24d9eb3ed7d007a5fa5f5d826b2a1,4fe8325c0e937e61818b7451f23e5efe,61796,,0956783fe5a6d8e0f864b5eaf4084063,53,65,81
"2018-01-19T20:02:01.000+0300",4f1239aa0c443ffd717c80321392f2ad,c63ffaf4c8fcad4bee2fc40bbb82e419,24097,,0b18eea60b024691e62943b914f87d83,40026,162,49
"2018-01-19T20:02:00.000+0300",c0bd643a643bca0e3e7922d6927af493,1ba18797f9afb9ddb9d27a286a1f3a4b,53422,,0956783fe5a6d8e0f864b5eaf4084063,53,58,122
"2018-01-19T20:02:00.000+0300",,d261f68e1feab10500dd0e050949a04a,52782,2906128b8c7bdb120a98d7e26c7e281b,3ee78f53390beb95700c278009878706,23,40,0
"2018-01-19T20:02:00.000+0300",7ec4487102dbfbe586d776a0f757d07f,394e1550bee40953ab4e79adaee9cf72,64730,,241b59d4cc47e9b40d1582c7d2985c9e,443,40,121
"2018-01-19T20:02:00.000+0300",4bfaad375eab31946a37aa43b38779f9,aadea494d647e57747165cdc01c5acc7,64201,,0956783fe5a6d8e0f864b5eaf4084063,53,88,146
"2018-01-19T20:02:00.000+0300",,3b2f1aeeb14e886e55fef25c8491f0f6,5223,c12824f3d3dfd9bb079d58306abc0a78,01e0309bfdb8f43ef3568db9f157e8e5,57740,105,205
"2018-01-19T20:02:00.000+0300",c0bd643a643bca0e3e7922d6927af493,1ba18797f9afb9ddb9d27a286a1f3a4b,54056,,0956783fe5a6d8e0f864b5eaf4084063,53,58,86
"2018-01-19T20:02:00.000+0300",4f1239aa0c443ffd717c80321392f2ad,c63ffaf4c8fcad4bee2fc40bbb82e419,24097,,7afa6b6ad4fbbfc36f45794f33a1c14e,40027,101,1137
"2018-01-19T20:10:01.000+0300",57798cc3fbf614f3b4d04e60a81a4793,128f02244e8540676413cba4ab3641c0,32277,,cc9ad9a677cd25a10099f8b6a9e68284,40002,61,48
"2018-01-19T20:10:01.000+0300",4101960e5927fafb5cd0dbbffb401cb9,4d58757b70486bab24157457e3959717,50316,,4b744213664ce6597faec2f767d2b9d2,443,52,137
"2018-01-19T20:10:01.000+0300",57798cc3fbf614f3b4d04e60a81a4793,128f02244e8540676413cba4ab3641c0,32277,,bd25d7105a5c47302220446056c51f6e,40031,63,0
"2018-01-19T20:10:01.000+0300",57798cc3fbf614f3b4d04e60a81a4793,128f02244e8540676413cba4ab3641c0,32277,,74147d2512eb886b2565c37898d8b880,40033,59,48
"2018-01-19T20:10:01.000+0300",ca49c35397e23091b36fb91aec3731f1,c77455b5aa24d10c3a41f9e6d3dac040,61811,,3bb45b09b2bffdc9391646c8ffc8ede8,5223,205,105
"2018-01-19T20:10:01.000+0300",e69bfc8af0ae3e81ca31fc546d46601c,192f0fb86cd65ef3da99b7b266693011,62900,,398d3ca7997c0147a8ef34ac156c0dc8,443,1180,413
"2018-01-19T20:10:01.000+0300",57798cc3fbf614f3b4d04e60a81a4793,128f02244e8540676413cba4ab3641c0,32277,,b67ad903423a82f03320aeb9ac7ac2db,40029,64,48
"2018-01-19T20:10:01.000+0300",57798cc3fbf614f3b4d04e60a81a4793,128f02244e8540676413cba4ab3641c0,32277,,730e66e49a5c62b45d3bce9449500b59,40039,63,48
"2018-01-19T20:10:01.000+0300",4f1239aa0c443ffd717c80321392f2ad,c63ffaf4c8fcad4bee2fc40bbb82e419,54719,,34666480fa9cc4f33a25ab2c17ab52ec,15353,352,332
"2018-01-19T20:10:01.000+0300",4f1239aa0c443ffd717c80321392f2ad,c63ffaf4c8fcad4bee2fc40bbb82e419,36585,,34666480fa9cc4f33a25ab2c17ab52ec,15353,352,396
"2018-01-19T20:10:01.000+0300",4f1239aa0c443ffd717c80321392f2ad,c63ffaf4c8fcad4bee2fc40bbb82e419,6282,,34666480fa9cc4f33a25ab2c17ab52ec,15353,352,332
"2018-01-19T20:10:01.000+0300",4f1239aa0c443ffd717c80321392f2ad,c63ffaf4c8fcad4bee2fc40bbb82e419,3645,,34666480fa9cc4f33a25ab2c17ab52ec,15353,352,441
"2018-01-19T19:28:01.000+0300",36d99d1b971989cab847688241faefc2,0732f95a5f45d6610b0a9ec421b9afdb,123,,f586969b0919c2f7c44216406975c2e3,123,76,76
"2018-01-19T19:28:01.000+0300",567186b9acb3ba4dc013fbdb5380b441,86550bb5bd1e439b43fd8fcfe14b33f7,55161,,0956783fe5a6d8e0f864b5eaf4084063,53,71,133
"2018-01-19T19:28:01.000+0300",567186b9acb3ba4dc013fbdb5380b441,86550bb5bd1e439b43fd8fcfe14b33f7,51914,,0956783fe5a6d8e0f864b5eaf4084063,53,71,180
"2018-01-19T19:28:01.000+0300",c9f3c5e1f6b840a465ffbeb0c4fb5239,6dc5a6ac68fb89ce6586fec5358585da,63366,,f64534ff6cb54500ba926662e46d7405,443,0,83
"2018-01-19T19:28:00.000+0300",61f24d9eb3ed7d007a5fa5f5d826b2a1,4fe8325c0e937e61818b7451f23e5efe,64738,,0956783fe5a6d8e0f864b5eaf4084063,53,68,116
"2018-01-19T19:28:00.000+0300",740ff131c0a2b5141649321ee195009b,2233ea5f6aba8e8757417625667eab20,64384,,0956783fe5a6d8e0f864b5eaf4084063,53,65,81
"2018-01-19T19:28:00.000+0300",61f24d9eb3ed7d007a5fa5f5d826b2a1,4fe8325c0e937e61818b7451f23e5efe,52310,,0956783fe5a6d8e0f864b5eaf4084063,53,64,92
"2018-01-19T19:28:00.000+0300",5e2465e758437a37a699c0a4a28d4645,e880a02505b49c0d5c3b3119efe19acf,51922,,cb6354d1ee20aa2a192ec6f8724a6df6,443,326,241
"2018-01-19T19:28:00.000+0300",61f24d9eb3ed7d007a5fa5f5d826b2a1,4fe8325c0e937e61818b7451f23e5efe,60006,,0956783fe5a6d8e0f864b5eaf4084063,53,68,128
"2018-01-19T20:08:01.000+0300",4101960e5927fafb5cd0dbbffb401cb9,4d58757b70486bab24157457e3959717,50316,,4b744213664ce6597faec2f767d2b9d2,443,52,137
"2018-01-19T20:08:01.000+0300",,c936b2fedca8c81f5acdd20d5ce60aa7,57498,e4d7784dd935141ec75240a232de0659,6eabdd06bb0faa207f0012bcff217c83,3435,40,0
"2018-01-19T20:08:01.000+0300",,97f2a1ccee069add002701fe31b9ee5b,34230,2906128b8c7bdb120a98d7e26c7e281b,3ee78f53390beb95700c278009878706,5900,40,0
"2018-01-19T20:08:00.000+0300",7ec4487102dbfbe586d776a0f757d07f,394e1550bee40953ab4e79adaee9cf72,64730,,241b59d4cc47e9b40d1582c7d2985c9e,443,40,121
"2018-01-19T20:08:00.000+0300",,08bd7ef7600e27e73b22a46f3aa7421e,5223,d7988e912bef788f3ba65a206db8f096,1e356871888ebae4ab690a7839919ad6,58281,105,205
"2018-01-19T20:07:59.000+0300",,68fb2311fc08b10f8aaee1fc335298e2,25064,8fe83f823744de68f9c0674a61b0e77b,c0d9a2ffd27b83946405c54b9cff9104,23,40,0
"2018-01-19T20:07:59.000+0300",e69bfc8af0ae3e81ca31fc546d46601c,192f0fb86cd65ef3da99b7b266693011,50621,,398d3ca7997c0147a8ef34ac156c0dc8,443,1114,361
"2018-01-19T20:07:58.000+0300",,f407e3bf4948108954cfa766f7f61e52,44424,ef407a4a8c7262284b558651b8e7eff3,57b890be6203e4341d3bdd14625dc39c,22,40,0
"2018-01-19T20:07:58.000+0300",8fe83f823744de68f9c0674a61b0e77b,c0d9a2ffd27b83946405c54b9cff9104,61148,,ed96c9e82483f8890ea20d5b67088e68,443,104,52
"2018-01-19T20:07:58.000+0300",,df7f36878e7962bc263332220273f5d4,59706,f3564130184e1278196399f73070ab63,a18387e7aadd261a5a72c78390400899,22,40,0
"2018-01-19T20:00:04.000+0300",d5e929fc948d75ca9356f9099a09e332,d1bb132d1dcebf079575a87c8383ec43,51187,,59b855f04d1b61442bf916e124663349,443,40,52
"2018-01-19T20:00:04.000+0300",,06144967b8bceed86fc0cd8b366ce004,40014,567186b9acb3ba4dc013fbdb5380b441,86550bb5bd1e439b43fd8fcfe14b33f7,50257,262,215
"2018-01-19T20:00:04.000+0300",,c5f466e91b49cbe5e5486ddf4afa40c0,50518,c3e01a273ae9bca96dd92991408e9f47,c5230147e05a30326ca7bf206bd0ad1f,7784,40,0
"2018-01-19T20:00:04.000+0300",d7988e912bef788f3ba65a206db8f096,1e356871888ebae4ab690a7839919ad6,63747,,98659f5922da0c09770b8274295e7a05,443,1416,2951
"2018-01-19T20:00:04.000+0300",,b24a569f301f0835581dd4ce52583f8c,3030,4bfaad375eab31946a37aa43b38779f9,aadea494d647e57747165cdc01c5acc7,53264,1114,5660
"2018-01-19T20:00:03.000+0300",f2825c1deb48cc723dc27b598c662610,43ed6a1c781031fa618c0350a801e52f,51098,,072f83db38ddd013e59a3616bd3b05a6,53,52,52
"2018-01-19T20:00:03.000+0300",,bd798c7a3404cc94a807ce9625748b88,40747,d5e929fc948d75ca9356f9099a09e332,d1bb132d1dcebf079575a87c8383ec43,6015,40,0
"2018-01-19T20:00:03.000+0300",f2825c1deb48cc723dc27b598c662610,43ed6a1c781031fa618c0350a801e52f,39424,,241b59d4cc47e9b40d1582c7d2985c9e,443,104,185
"2018-01-19T20:00:03.000+0300",d7988e912bef788f3ba65a206db8f096,1e356871888ebae4ab690a7839919ad6,63729,,98659f5922da0c09770b8274295e7a05,443,1437,2951
"2018-01-19T20:00:03.000+0300",f2825c1deb48cc723dc27b598c662610,43ed6a1c781031fa618c0350a801e52f,52543,,0956783fe5a6d8e0f864b5eaf4084063,53,62,123
"2018-01-19T20:00:03.000+0300",d7988e912bef788f3ba65a206db8f096,1e356871888ebae4ab690a7839919ad6,63734,,62f12e90bf90b1e2f4ff8f7372fd5e24,443,1116,1043
"2018-01-19T20:00:03.000+0300",efdb5488cc509caff4c2de4654240f9d,f32ed332994d599e45b8bdbfc8d1da7d,60089,,e0dabf089850ba7233bcab90fc083459,443,1727,4309
"2018-01-19T20:00:03.000+0300",d7988e912bef788f3ba65a206db8f096,1e356871888ebae4ab690a7839919ad6,63730,,392ef8123b4d88d11e419ca1655f4030,443,13588,9028
"2018-01-19T20:00:03.000+0300",d7988e912bef788f3ba65a206db8f096,1e356871888ebae4ab690a7839919ad6,63745,,3db71911d36b34fb34254c2612dbed12,443,10159,361203
"2018-01-19T20:00:03.000+0300",d7988e912bef788f3ba65a206db8f096,1e356871888ebae4ab690a7839919ad6,63732,,62f12e90bf90b1e2f4ff8f7372fd5e24,443,1198,934
"2018-01-19T20:00:03.000+0300",d7988e912bef788f3ba65a206db8f096,1e356871888ebae4ab690a7839919ad6,63738,,04cde5e99eca941d2c6053bf80339a2e,443,1944,4602
"2018-01-19T20:00:03.000+0300",f2825c1deb48cc723dc27b598c662610,43ed6a1c781031fa618c0350a801e52f,58176,,0956783fe5a6d8e0f864b5eaf4084063,53,52,52
"2018-01-19T20:00:03.000+0300",,724e388f94c129f36262055327f4868d,25122,f7301805f70c8105664e597604e736bb,2c0c479c9a1e17a82cd2d3dc87cb0f4c,23,44,0
"2018-01-19T20:00:03.000+0300",d7988e912bef788f3ba65a206db8f096,1e356871888ebae4ab690a7839919ad6,63731,,1bf78798c768b0fc6b509ef2355d7bd6,443,104,60
"2018-01-19T20:00:03.000+0300",d7988e912bef788f3ba65a206db8f096,1e356871888ebae4ab690a7839919ad6,63746,,bd1215dd20c1177ad9ff4d8e2e67aa69,443,1498,6073
"2018-01-19T20:00:03.000+0300",d7988e912bef788f3ba65a206db8f096,1e356871888ebae4ab690a7839919ad6,63742,,8393ff780547d730c589c9912476d584,443,1857,5801
"2018-01-19T20:00:03.000+0300",f2825c1deb48cc723dc27b598c662610,43ed6a1c781031fa618c0350a801e52f,53767,,0956783fe5a6d8e0f864b5eaf4084063,53,63,114
"2018-01-19T20:00:03.000+0300",f2825c1deb48cc723dc27b598c662610,43ed6a1c781031fa618c0350a801e52f,39420,,241b59d4cc47e9b40d1582c7d2985c9e,443,104,185
"2018-01-19T20:00:03.000+0300",f2825c1deb48cc723dc27b598c662610,43ed6a1c781031fa618c0350a801e52f,58611,,0956783fe5a6d8e0f864b5eaf4084063,53,67,123
"2018-01-19T20:00:03.000+0300",d7988e912bef788f3ba65a206db8f096,1e356871888ebae4ab690a7839919ad6,63736,,62f12e90bf90b1e2f4ff8f7372fd5e24,443,1116,1023
"2018-01-19T20:00:03.000+0300",f2825c1deb48cc723dc27b598c662610,43ed6a1c781031fa618c0350a801e52f,40387,,072f83db38ddd013e59a3616bd3b05a6,53,52,52
"2018-01-19T20:00:03.000+0300",d7988e912bef788f3ba65a206db8f096,1e356871888ebae4ab690a7839919ad6,63733,,62f12e90bf90b1e2f4ff8f7372fd5e24,443,1116,1214
"2018-01-19T20:00:03.000+0300",d7988e912bef788f3ba65a206db8f096,1e356871888ebae4ab690a7839919ad6,63739,,dc96485a21d636f6c1a165556e0ba891,443,1779,7478
"2018-01-19T20:00:03.000+0300",f2825c1deb48cc723dc27b598c662610,43ed6a1c781031fa618c0350a801e52f,54769,,0956783fe5a6d8e0f864b5eaf4084063,53,52,52
"2018-01-19T20:00:03.000+0300",f2825c1deb48cc723dc27b598c662610,43ed6a1c781031fa618c0350a801e52f,34670,,0956783fe5a6d8e0f864b5eaf4084063,53,63,114
"2018-01-19T20:00:03.000+0300",d7988e912bef788f3ba65a206db8f096,1e356871888ebae4ab690a7839919ad6,63735,,62f12e90bf90b1e2f4ff8f7372fd5e24,443,1116,1078
"2018-01-19T20:00:03.000+0300",d7988e912bef788f3ba65a206db8f096,1e356871888ebae4ab690a7839919ad6,63741,,aa75cc92139a8cae6839d4a86501f691,443,2219,6297
"2018-01-19T20:00:03.000+0300",f2825c1deb48cc723dc27b598c662610,43ed6a1c781031fa618c0350a801e52f,49614,,0956783fe5a6d8e0f864b5eaf4084063,53,62,123
"2018-01-19T20:00:03.000+0300",d7988e912bef788f3ba65a206db8f096,1e356871888ebae4ab690a7839919ad6,63737,,98659f5922da0c09770b8274295e7a05,443,1425,3019
"2018-01-19T20:00:03.000+0300",,1be6dad0a494ca79ea7b1b8b17c62eaa,5223,e46e9fb13c0698cbacf9966f0659bc66,baae68cca067362962d74d91762f70ab,56210,114,149
"2018-01-19T20:00:03.000+0300",efdb5488cc509caff4c2de4654240f9d,f32ed332994d599e45b8bdbfc8d1da7d,60088,,e0dabf089850ba7233bcab90fc083459,443,6521,8338
"2018-01-19T20:00:03.000+0300",d7988e912bef788f3ba65a206db8f096,1e356871888ebae4ab690a7839919ad6,63744,,8393ff780547d730c589c9912476d584,443,1327,1617
"2018-01-19T20:00:03.000+0300",f2825c1deb48cc723dc27b598c662610,43ed6a1c781031fa618c0350a801e52f,45712,,0956783fe5a6d8e0f864b5eaf4084063,53,67,123
"2018-01-19T19:51:01.000+0300",4101960e5927fafb5cd0dbbffb401cb9,4d58757b70486bab24157457e3959717,50316,,4b744213664ce6597faec2f767d2b9d2,443,52,137
"2018-01-19T19:51:01.000+0300",6b10e9eef1c8828ada96b8a762026597,4585c7d69f778ffeeffb6651450c330d,58313,,2171c30ae0db4c8b658d7b01b9eaf987,443,7862,239190
"2018-01-19T19:51:01.000+0300",4f1239aa0c443ffd717c80321392f2ad,c63ffaf4c8fcad4bee2fc40bbb82e419,24097,,e9b8e996f48428e4739ee0d7648e1e95,40035,159,49
"2018-01-19T19:51:01.000+0300",4f1239aa0c443ffd717c80321392f2ad,c63ffaf4c8fcad4bee2fc40bbb82e419,24097,,49d1d9dedc44d549a2d000723df9ea8a,40043,63,48
"2018-01-19T19:51:00.000+0300",c12824f3d3dfd9bb079d58306abc0a78,01e0309bfdb8f43ef3568db9f157e8e5,123,,c58b06ee64252b700e189983f340bef2,123,76,76
"2018-01-19T19:51:00.000+0300",ec0d21471f0feba0ff59b3e7c2cc548b,61a4371e04adc968b3c88cfcf3a48967,47028,,e3ec35262a27486da55813ba91a9b34b,80,104,52
"2018-01-19T20:03:01.000+0300",4101960e5927fafb5cd0dbbffb401cb9,4d58757b70486bab24157457e3959717,50316,,4b744213664ce6597faec2f767d2b9d2,443,52,137
"2018-01-19T20:03:00.000+0300",567186b9acb3ba4dc013fbdb5380b441,86550bb5bd1e439b43fd8fcfe14b33f7,59148,,072f83db38ddd013e59a3616bd3b05a6,53,68,165
"2018-01-19T20:03:00.000+0300",c12824f3d3dfd9bb079d58306abc0a78,01e0309bfdb8f43ef3568db9f157e8e5,58775,,0956783fe5a6d8e0f864b5eaf4084063,53,73,126
"2018-01-19T20:03:00.000+0300",7ec4487102dbfbe586d776a0f757d07f,394e1550bee40953ab4e79adaee9cf72,64730,,241b59d4cc47e9b40d1582c7d2985c9e,443,40,121
"2018-01-19T20:03:00.000+0300",61f24d9eb3ed7d007a5fa5f5d826b2a1,4fe8325c0e937e61818b7451f23e5efe,53862,,0956783fe5a6d8e0f864b5eaf4084063,53,65,81
"2018-01-19T20:03:00.000+0300",c12824f3d3dfd9bb079d58306abc0a78,01e0309bfdb8f43ef3568db9f157e8e5,36887,,0956783fe5a6d8e0f864b5eaf4084063,53,73,162
"2018-01-19T20:03:00.000+0300",,6d3c19f79e93dfc59d27d6ce322f9ecd,49654,76b91a4eb84eddaf4795145a4da2d3b2,c5a53f0c105d1443f05ebc529d3b6a3f,23,60,0
"2018-01-19T19:33:01.000+0300",ec0d21471f0feba0ff59b3e7c2cc548b,61a4371e04adc968b3c88cfcf3a48967,47946,,8b18e5b2226301729de38d825c4f8564,443,2374,6898
"2018-01-19T19:33:00.000+0300",5e2465e758437a37a699c0a4a28d4645,e880a02505b49c0d5c3b3119efe19acf,51922,,cb6354d1ee20aa2a192ec6f8724a6df6,443,326,241
"2018-01-19T20:19:00.000+0300",f2825c1deb48cc723dc27b598c662610,43ed6a1c781031fa618c0350a801e52f,56738,,0956783fe5a6d8e0f864b5eaf4084063,53,130,174
"2018-01-19T20:19:00.000+0300",7ec4487102dbfbe586d776a0f757d07f,394e1550bee40953ab4e79adaee9cf72,64730,,241b59d4cc47e9b40d1582c7d2985c9e,443,40,121
"2018-01-19T20:18:59.000+0300",,2117c4cadb280782f4aa585f593107e8,50618,a06bc53f904deb83d05168bab7ef025f,e6ad5b4b2422f80d0f24c5d3874e6649,3389,40,0
"2018-01-19T20:18:58.000+0300",,6f16ef8ee769d4a6d8c7bd0ea6cc62b5,8711,15a899e5895d984f4f817a150dfff2e0,1ee67bb004bd5c3a1c0ef0a1e8e32a07,23,40,0
"2018-01-19T20:18:57.000+0300",8fe83f823744de68f9c0674a61b0e77b,c0d9a2ffd27b83946405c54b9cff9104,64171,,b2b63e0d00d034c278aa309149983efc,443,1205,366
"2018-01-19T20:18:57.000+0300",8fe83f823744de68f9c0674a61b0e77b,c0d9a2ffd27b83946405c54b9cff9104,63924,,b2b63e0d00d034c278aa309149983efc,443,239,575
"2018-01-19T19:53:01.000+0300",4101960e5927fafb5cd0dbbffb401cb9,4d58757b70486bab24157457e3959717,50316,,4b744213664ce6597faec2f767d2b9d2,443,52,137
"2018-01-19T19:53:01.000+0300",c15cf96d9b56740c974661d209ef44f7,9ec3b27794d1d302fa04a94836249f4a,56156,,ea9d1936de73a36788173d5e2f176445,443,2652,4861
"2018-01-19T19:53:01.000+0300",36f40c517ee1a82ef16c9a2b463be371,523530138b82968b4abfb801e7d41946,64290,,0956783fe5a6d8e0f864b5eaf4084063,53,365,2769
"2018-01-19T19:53:01.000+0300",36f40c517ee1a82ef16c9a2b463be371,523530138b82968b4abfb801e7d41946,60503,,0956783fe5a6d8e0f864b5eaf4084063,53,66,82
"2018-01-19T19:53:01.000+0300",36f40c517ee1a82ef16c9a2b463be371,523530138b82968b4abfb801e7d41946,53964,,0956783fe5a6d8e0f864b5eaf4084063,53,68,165
"2018-01-19T19:53:01.000+0300",36f40c517ee1a82ef16c9a2b463be371,523530138b82968b4abfb801e7d41946,64984,,0956783fe5a6d8e0f864b5eaf4084063,53,71,127
"2018-01-19T19:53:01.000+0300",36f40c517ee1a82ef16c9a2b463be371,523530138b82968b4abfb801e7d41946,54276,,0956783fe5a6d8e0f864b5eaf4084063,53,69,524
"2018-01-19T19:53:01.000+0300",36f40c517ee1a82ef16c9a2b463be371,523530138b82968b4abfb801e7d41946,64291,,0956783fe5a6d8e0f864b5eaf4084063,53,367,2678
"2018-01-19T19:53:01.000+0300",36f40c517ee1a82ef16c9a2b463be371,523530138b82968b4abfb801e7d41946,28945,,0956783fe5a6d8e0f864b5eaf4084063,53,58,0
"2018-01-19T19:53:01.000+0300",36f40c517ee1a82ef16c9a2b463be371,523530138b82968b4abfb801e7d41946,54399,,0956783fe5a6d8e0f864b5eaf4084063,53,98,531
"2018-01-19T19:53:01.000+0300",36f40c517ee1a82ef16c9a2b463be371,523530138b82968b4abfb801e7d41946,58033,,0956783fe5a6d8e0f864b5eaf4084063,53,71,87
"2018-01-19T19:53:01.000+0300",36f40c517ee1a82ef16c9a2b463be371,523530138b82968b4abfb801e7d41946,58903,,0956783fe5a6d8e0f864b5eaf4084063,53,67,521
"2018-01-19T19:53:00.000+0300",36f40c517ee1a82ef16c9a2b463be371,523530138b82968b4abfb801e7d41946,64284,,398d3ca7997c0147a8ef34ac156c0dc8,443,1752,3602
"2018-01-19T19:53:00.000+0300",,2e63526e38e8ac60f3e485069482e5a7,42051,a17bcaafb516cbc9ec1ce2aebe028fbe,9076e6ff4477929976e0a588c1295737,10381,40,0
"2018-01-19T19:53:00.000+0300",c15cf96d9b56740c974661d209ef44f7,9ec3b27794d1d302fa04a94836249f4a,56157,,00cd126c9023842af50e79592358a085,443,104,60
"2018-01-19T19:58:01.000+0300",572d7a8b4d8753657f7ccabac62efeac,eedd9a7571bdfd141fa4e57183a6d2c5,55716,,d471d23bae7a1a0820374f2e2898b164,443,1712,3953
"2018-01-19T19:58:01.000+0300",c15cf96d9b56740c974661d209ef44f7,9ec3b27794d1d302fa04a94836249f4a,44759,,072f83db38ddd013e59a3616bd3b05a6,53,62,133
"2018-01-19T19:58:01.000+0300",4101960e5927fafb5cd0dbbffb401cb9,4d58757b70486bab24157457e3959717,50316,,4b744213664ce6597faec2f767d2b9d2,443,52,137
"2018-01-19T19:58:01.000+0300",c15cf96d9b56740c974661d209ef44f7,9ec3b27794d1d302fa04a94836249f4a,41498,,072f83db38ddd013e59a3616bd3b05a6,53,62,78
"2018-01-19T19:58:01.000+0300",c15cf96d9b56740c974661d209ef44f7,9ec3b27794d1d302fa04a94836249f4a,44450,,072f83db38ddd013e59a3616bd3b05a6,53,58,86
"2018-01-19T19:58:01.000+0300",c15cf96d9b56740c974661d209ef44f7,9ec3b27794d1d302fa04a94836249f4a,35304,,072f83db38ddd013e59a3616bd3b05a6,53,62,145
"2018-01-19T19:58:01.000+0300",c15cf96d9b56740c974661d209ef44f7,9ec3b27794d1d302fa04a94836249f4a,58424,,072f83db38ddd013e59a3616bd3b05a6,53,62,90
"2018-01-19T19:58:01.000+0300",c15cf96d9b56740c974661d209ef44f7,9ec3b27794d1d302fa04a94836249f4a,56817,,072f83db38ddd013e59a3616bd3b05a6,53,58,122
"2018-01-19T19:58:01.000+0300",f2825c1deb48cc723dc27b598c662610,43ed6a1c781031fa618c0350a801e52f,52744,,0956783fe5a6d8e0f864b5eaf4084063,53,128,220
"2018-01-19T19:58:01.000+0300",572d7a8b4d8753657f7ccabac62efeac,eedd9a7571bdfd141fa4e57183a6d2c5,55717,,fd68b08e711214eb83c1d5dcb82a8b72,443,3500,5963
"2018-01-19T19:58:01.000+0300",,4000399c9a1aee1f626182eb2352c68f,57004,6ff0818f573c4f5ac8da5b8886665141,d7b49cab6df695d4372bdc6ddf702f9c,118,40,0
"2018-01-19T19:58:00.000+0300",7ec4487102dbfbe586d776a0f757d07f,394e1550bee40953ab4e79adaee9cf72,64730,,241b59d4cc47e9b40d1582c7d2985c9e,443,40,121
"2018-01-19T19:58:00.000+0300",5e2465e758437a37a699c0a4a28d4645,e880a02505b49c0d5c3b3119efe19acf,64541,,0956783fe5a6d8e0f864b5eaf4084063,53,72,123
"2018-01-19T19:58:00.000+0300",33aecf54a8eab5d1c06b2dce27dec355,1ddc2b40eee61ab2783073ebd50a0254,56317,,0956783fe5a6d8e0f864b5eaf4084063,53,71,122
"2018-01-19T19:57:59.000+0300",,0b4a70595d66468fc478522b9d4cf6c8,53572,d201d1e5b588509ceeb25527fa4fdff6,a97e028bad550734722ee76f365e7db5,52869,40,0
"2018-01-19T19:57:59.000+0300",,41269d85edca5ecad12bf52a1850ffb9,17907,b523b418a7c08dc02f6f4916a67230c8,63c8de1e2c9b3b4ce1d6141a7687e6d0,445,48,0
"2018-01-19T19:57:59.000+0300",f2825c1deb48cc723dc27b598c662610,43ed6a1c781031fa618c0350a801e52f,60939,,0956783fe5a6d8e0f864b5eaf4084063,53,122,187
"2018-01-19T19:57:59.000+0300",f2825c1deb48cc723dc27b598c662610,43ed6a1c781031fa618c0350a801e52f,33695,,072f83db38ddd013e59a3616bd3b05a6,53,72,0
"2018-01-19T19:51:54.000+0300",76b91a4eb84eddaf4795145a4da2d3b2,c5a53f0c105d1443f05ebc529d3b6a3f,49690,,929c034249ba2ebe14798d2f6d666380,80,840,600
"2018-01-19T19:51:54.000+0300",61f24d9eb3ed7d007a5fa5f5d826b2a1,4fe8325c0e937e61818b7451f23e5efe,55094,,0956783fe5a6d8e0f864b5eaf4084063,53,65,81
"2018-01-19T19:51:54.000+0300",61f24d9eb3ed7d007a5fa5f5d826b2a1,4fe8325c0e937e61818b7451f23e5efe,52223,,0956783fe5a6d8e0f864b5eaf4084063,53,65,81
"2018-01-19T19:51:54.000+0300",61f24d9eb3ed7d007a5fa5f5d826b2a1,4fe8325c0e937e61818b7451f23e5efe,58747,,0956783fe5a6d8e0f864b5eaf4084063,53,65,93
"2018-01-19T19:51:54.000+0300",8fe83f823744de68f9c0674a61b0e77b,c0d9a2ffd27b83946405c54b9cff9104,64632,,398d3ca7997c0147a8ef34ac156c0dc8,443,1114,361
"2018-01-19T19:51:54.000+0300",61f24d9eb3ed7d007a5fa5f5d826b2a1,4fe8325c0e937e61818b7451f23e5efe,62258,,0956783fe5a6d8e0f864b5eaf4084063,53,65,93
"2018-01-19T19:51:54.000+0300",61f24d9eb3ed7d007a5fa5f5d826b2a1,4fe8325c0e937e61818b7451f23e5efe,59544,,0956783fe5a6d8e0f864b5eaf4084063,53,65,93
"2018-01-19T19:51:53.000+0300",7ea4c4b24a7a4291b4eeb7ae572a7b2b,3a312ecf6b411de41a350831268cafbf,62233,,49b2ad366283844b4bbf2fbaf8d19b87,53,3709,698
"2018-01-19T19:51:53.000+0300",7ea4c4b24a7a4291b4eeb7ae572a7b2b,3a312ecf6b411de41a350831268cafbf,57603,,49b2ad366283844b4bbf2fbaf8d19b87,53,518,518
"2018-01-19T19:51:53.000+0300",7ea4c4b24a7a4291b4eeb7ae572a7b2b,3a312ecf6b411de41a350831268cafbf,62476,,49b2ad366283844b4bbf2fbaf8d19b87,53,268,268
"2018-01-19T19:51:53.000+0300",a06bc53f904deb83d05168bab7ef025f,e6ad5b4b2422f80d0f24c5d3874e6649,49649,,ed96c9e82483f8890ea20d5b67088e68,443,1865,4188
"2018-01-19T19:51:53.000+0300",7ea4c4b24a7a4291b4eeb7ae572a7b2b,3a312ecf6b411de41a350831268cafbf,60466,,0956783fe5a6d8e0f864b5eaf4084063,53,70,178
"2018-01-19T19:51:53.000+0300",7ea4c4b24a7a4291b4eeb7ae572a7b2b,3a312ecf6b411de41a350831268cafbf,61789,,0956783fe5a6d8e0f864b5eaf4084063,53,70,177
"2018-01-19T19:51:53.000+0300",f2825c1deb48cc723dc27b598c662610,43ed6a1c781031fa618c0350a801e52f,34886,,0956783fe5a6d8e0f864b5eaf4084063,53,134,292
"2018-01-19T19:51:53.000+0300",7ea4c4b24a7a4291b4eeb7ae572a7b2b,3a312ecf6b411de41a350831268cafbf,50988,,8e330328f0847264b57c93ca71c50eff,53,162,162
"2018-01-19T19:45:01.000+0300",ca49c35397e23091b36fb91aec3731f1,c77455b5aa24d10c3a41f9e6d3dac040,123,,89ebbd7c2a435cedc013da6dd275f906,123,76,76
"2018-01-19T19:45:01.000+0300",ef4da7cbd631a572d3a1413bf393a6c5,fd1c0a3de2d7dbd9d75ba0c32592896e,50533,,0956783fe5a6d8e0f864b5eaf4084063,53,64,125
"2018-01-19T19:45:01.000+0300",ef4da7cbd631a572d3a1413bf393a6c5,fd1c0a3de2d7dbd9d75ba0c32592896e,56691,,0956783fe5a6d8e0f864b5eaf4084063,53,69,120
"2018-01-19T19:45:01.000+0300",ef4da7cbd631a572d3a1413bf393a6c5,fd1c0a3de2d7dbd9d75ba0c32592896e,58609,,0956783fe5a6d8e0f864b5eaf4084063,53,72,130
"2018-01-19T19:45:01.000+0300",ef4da7cbd631a572d3a1413bf393a6c5,fd1c0a3de2d7dbd9d75ba0c32592896e,59679,,0956783fe5a6d8e0f864b5eaf4084063,53,79,137
"2018-01-19T19:45:01.000+0300",ef4da7cbd631a572d3a1413bf393a6c5,fd1c0a3de2d7dbd9d75ba0c32592896e,50589,,0956783fe5a6d8e0f864b5eaf4084063,53,67,141
"2018-01-19T19:45:01.000+0300",ef4da7cbd631a572d3a1413bf393a6c5,fd1c0a3de2d7dbd9d75ba0c32592896e,64894,,0956783fe5a6d8e0f864b5eaf4084063,53,69,120
"2018-01-19T19:45:01.000+0300",ef4da7cbd631a572d3a1413bf393a6c5,fd1c0a3de2d7dbd9d75ba0c32592896e,62151,,0956783fe5a6d8e0f864b5eaf4084063,53,71,146
"2018-01-19T19:45:01.000+0300",ef4da7cbd631a572d3a1413bf393a6c5,fd1c0a3de2d7dbd9d75ba0c32592896e,55506,,0956783fe5a6d8e0f864b5eaf4084063,53,74,149
"2018-01-19T19:45:01.000+0300",ef4da7cbd631a572d3a1413bf393a6c5,fd1c0a3de2d7dbd9d75ba0c32592896e,58916,,0956783fe5a6d8e0f864b5eaf4084063,53,72,123
"2018-01-19T19:45:01.000+0300",ef4da7cbd631a572d3a1413bf393a6c5,fd1c0a3de2d7dbd9d75ba0c32592896e,50727,,0956783fe5a6d8e0f864b5eaf4084063,53,65,116
"2018-01-19T19:45:01.000+0300",ef4da7cbd631a572d3a1413bf393a6c5,fd1c0a3de2d7dbd9d75ba0c32592896e,63944,,0956783fe5a6d8e0f864b5eaf4084063,53,71,132
"2018-01-19T19:45:01.000+0300",ef4da7cbd631a572d3a1413bf393a6c5,fd1c0a3de2d7dbd9d75ba0c32592896e,61789,,0956783fe5a6d8e0f864b5eaf4084063,53,65,116
"2018-01-19T19:45:01.000+0300",ef4da7cbd631a572d3a1413bf393a6c5,fd1c0a3de2d7dbd9d75ba0c32592896e,61781,,0956783fe5a6d8e0f864b5eaf4084063,53,73,129
"2018-01-19T19:45:01.000+0300",ef4da7cbd631a572d3a1413bf393a6c5,fd1c0a3de2d7dbd9d75ba0c32592896e,54209,,0956783fe5a6d8e0f864b5eaf4084063,53,76,132
"2018-01-19T19:45:01.000+0300",ef4da7cbd631a572d3a1413bf393a6c5,fd1c0a3de2d7dbd9d75ba0c32592896e,57538,,0956783fe5a6d8e0f864b5eaf4084063,53,72,130
"2018-01-19T19:45:01.000+0300",ef4da7cbd631a572d3a1413bf393a6c5,fd1c0a3de2d7dbd9d75ba0c32592896e,59657,,0956783fe5a6d8e0f864b5eaf4084063,53,68,84
"2018-01-19T19:45:01.000+0300",ef4da7cbd631a572d3a1413bf393a6c5,fd1c0a3de2d7dbd9d75ba0c32592896e,55911,,0956783fe5a6d8e0f864b5eaf4084063,53,72,123
"2018-01-19T19:45:01.000+0300",ef4da7cbd631a572d3a1413bf393a6c5,fd1c0a3de2d7dbd9d75ba0c32592896e,55975,,0956783fe5a6d8e0f864b5eaf4084063,53,76,132
"2018-01-19T19:45:01.000+0300",ef4da7cbd631a572d3a1413bf393a6c5,fd1c0a3de2d7dbd9d75ba0c32592896e,61508,,0956783fe5a6d8e0f864b5eaf4084063,53,76,134
"2018-01-19T19:45:01.000+0300",ef4da7cbd631a572d3a1413bf393a6c5,fd1c0a3de2d7dbd9d75ba0c32592896e,57804,,0956783fe5a6d8e0f864b5eaf4084063,53,73,129
"2018-01-19T19:45:01.000+0300",ef4da7cbd631a572d3a1413bf393a6c5,fd1c0a3de2d7dbd9d75ba0c32592896e,54773,,0956783fe5a6d8e0f864b5eaf4084063,53,71,147
"2018-01-19T19:45:01.000+0300",ef4da7cbd631a572d3a1413bf393a6c5,fd1c0a3de2d7dbd9d75ba0c32592896e,56315,,0956783fe5a6d8e0f864b5eaf4084063,53,74,150
"2018-01-19T19:45:01.000+0300",ef4da7cbd631a572d3a1413bf393a6c5,fd1c0a3de2d7dbd9d75ba0c32592896e,56542,,0956783fe5a6d8e0f864b5eaf4084063,53,69,125
"2018-01-19T19:45:01.000+0300",ef4da7cbd631a572d3a1413bf393a6c5,fd1c0a3de2d7dbd9d75ba0c32592896e,56159,,0956783fe5a6d8e0f864b5eaf4084063,53,71,132
"2018-01-19T19:45:01.000+0300",ef4da7cbd631a572d3a1413bf393a6c5,fd1c0a3de2d7dbd9d75ba0c32592896e,54118,,0956783fe5a6d8e0f864b5eaf4084063,53,69,125
"2018-01-19T19:45:01.000+0300",ef4da7cbd631a572d3a1413bf393a6c5,fd1c0a3de2d7dbd9d75ba0c32592896e,63314,,0956783fe5a6d8e0f864b5eaf4084063,53,79,137
"2018-01-19T19:45:01.000+0300",ef4da7cbd631a572d3a1413bf393a6c5,fd1c0a3de2d7dbd9d75ba0c32592896e,55279,,0956783fe5a6d8e0f864b5eaf4084063,53,68,96
"2018-01-19T19:45:01.000+0300",ef4da7cbd631a572d3a1413bf393a6c5,fd1c0a3de2d7dbd9d75ba0c32592896e,53608,,0956783fe5a6d8e0f864b5eaf4084063,53,67,141
"2018-01-19T19:45:01.000+0300",ef4da7cbd631a572d3a1413bf393a6c5,fd1c0a3de2d7dbd9d75ba0c32592896e,65510,,0956783fe5a6d8e0f864b5eaf4084063,53,64,125
"2018-01-19T19:45:01.000+0300",ef4da7cbd631a572d3a1413bf393a6c5,fd1c0a3de2d7dbd9d75ba0c32592896e,56672,,0956783fe5a6d8e0f864b5eaf4084063,53,76,134
"2018-01-19T19:45:01.000+0300",ef4da7cbd631a572d3a1413bf393a6c5,fd1c0a3de2d7dbd9d75ba0c32592896e,55491,,0956783fe5a6d8e0f864b5eaf4084063,53,68,129
"2018-01-19T19:45:00.000+0300",d5e929fc948d75ca9356f9099a09e332,d1bb132d1dcebf079575a87c8383ec43,53847,,721b0594ad39f68d766102f4e22b38f6,443,4657,7784
"2018-01-19T19:45:00.000+0300",,04f0d66d7f5a79505976f33c89848562,52748,5e2465e758437a37a699c0a4a28d4645,e880a02505b49c0d5c3b3119efe19acf,445,52,0
"2018-01-19T19:45:00.000+0300",,90589ed0294637ae638ff7475be0838d,5223,c12824f3d3dfd9bb079d58306abc0a78,01e0309bfdb8f43ef3568db9f157e8e5,57743,105,205
"2018-01-19T19:45:00.000+0300",ef4da7cbd631a572d3a1413bf393a6c5,fd1c0a3de2d7dbd9d75ba0c32592896e,58197,,0956783fe5a6d8e0f864b5eaf4084063,53,70,98
"2018-01-19T19:45:00.000+0300",,f2de837145577c23e03eb7f75cadeab1,18659,9571ae6ff54eb532798816a41409287e,d23635a7279295408617bebe98ab1c1e,22,40,0
"2018-01-19T19:57:01.000+0300",a06bc53f904deb83d05168bab7ef025f,e6ad5b4b2422f80d0f24c5d3874e6649,63227,,072f83db38ddd013e59a3616bd3b05a6,53,71,126
"2018-01-19T19:57:01.000+0300",740ff131c0a2b5141649321ee195009b,2233ea5f6aba8e8757417625667eab20,53956,,de66698e9b5e5b9b6d8d876d8e6f3395,443,80,197
"2018-01-19T19:57:01.000+0300",4101960e5927fafb5cd0dbbffb401cb9,4d58757b70486bab24157457e3959717,50316,,4b744213664ce6597faec2f767d2b9d2,443,52,137
"2018-01-19T19:57:01.000+0300",a06bc53f904deb83d05168bab7ef025f,e6ad5b4b2422f80d0f24c5d3874e6649,16847,,072f83db38ddd013e59a3616bd3b05a6,53,71,114
"2018-01-19T19:57:01.000+0300",a06bc53f904deb83d05168bab7ef025f,e6ad5b4b2422f80d0f24c5d3874e6649,58145,,072f83db38ddd013e59a3616bd3b05a6,53,61,89
"2018-01-19T19:57:01.000+0300",a06bc53f904deb83d05168bab7ef025f,e6ad5b4b2422f80d0f24c5d3874e6649,64367,,072f83db38ddd013e59a3616bd3b05a6,53,70,143
"2018-01-19T19:57:01.000+0300",a06bc53f904deb83d05168bab7ef025f,e6ad5b4b2422f80d0f24c5d3874e6649,35500,,072f83db38ddd013e59a3616bd3b05a6,53,71,126
"2018-01-19T19:57:01.000+0300",a06bc53f904deb83d05168bab7ef025f,e6ad5b4b2422f80d0f24c5d3874e6649,50184,,072f83db38ddd013e59a3616bd3b05a6,53,70,131
"2018-01-19T19:57:01.000+0300",a06bc53f904deb83d05168bab7ef025f,e6ad5b4b2422f80d0f24c5d3874e6649,11720,,072f83db38ddd013e59a3616bd3b05a6,53,60,109
"2018-01-19T19:57:01.000+0300",a06bc53f904deb83d05168bab7ef025f,e6ad5b4b2422f80d0f24c5d3874e6649,1174,,072f83db38ddd013e59a3616bd3b05a6,53,60,177
"2018-01-19T19:57:01.000+0300",a06bc53f904deb83d05168bab7ef025f,e6ad5b4b2422f80d0f24c5d3874e6649,23458,,072f83db38ddd013e59a3616bd3b05a6,53,65,182
"2018-01-19T19:57:01.000+0300",a06bc53f904deb83d05168bab7ef025f,e6ad5b4b2422f80d0f24c5d3874e6649,43719,,072f83db38ddd013e59a3616bd3b05a6,53,65,114
"2018-01-19T19:57:01.000+0300",740ff131c0a2b5141649321ee195009b,2233ea5f6aba8e8757417625667eab20,53914,,e1c3576b30f32740f32ff245c55c2c6b,443,80,237
"2018-01-19T19:57:01.000+0300",a06bc53f904deb83d05168bab7ef025f,e6ad5b4b2422f80d0f24c5d3874e6649,28651,,072f83db38ddd013e59a3616bd3b05a6,53,71,114
"2018-01-19T19:57:01.000+0300",a06bc53f904deb83d05168bab7ef025f,e6ad5b4b2422f80d0f24c5d3874e6649,30019,,072f83db38ddd013e59a3616bd3b05a6,53,61,77
"2018-01-19T19:57:00.000+0300",61f24d9eb3ed7d007a5fa5f5d826b2a1,4fe8325c0e937e61818b7451f23e5efe,58101,,072f83db38ddd013e59a3616bd3b05a6,53,65,81
"2018-01-19T19:57:00.000+0300",6b10e9eef1c8828ada96b8a762026597,4585c7d69f778ffeeffb6651450c330d,59444,,8e31cf6754c51d7d1990bb6ced91573c,443,1564,7579
"2018-01-19T19:57:00.000+0300",61f24d9eb3ed7d007a5fa5f5d826b2a1,4fe8325c0e937e61818b7451f23e5efe,59232,,072f83db38ddd013e59a3616bd3b05a6,53,65,93
"2018-01-19T19:57:00.000+0300",7ec4487102dbfbe586d776a0f757d07f,394e1550bee40953ab4e79adaee9cf72,64730,,241b59d4cc47e9b40d1582c7d2985c9e,443,40,121
"2018-01-19T19:57:00.000+0300",,fe2b702e8c945dd11ce5d368277fd1c9,65534,e46e9fb13c0698cbacf9966f0659bc66,baae68cca067362962d74d91762f70ab,8545,40,0
"2018-01-19T19:56:59.000+0300",61f24d9eb3ed7d007a5fa5f5d826b2a1,4fe8325c0e937e61818b7451f23e5efe,63066,,072f83db38ddd013e59a3616bd3b05a6,53,67,132
"2018-01-19T19:56:59.000+0300",ef4da7cbd631a572d3a1413bf393a6c5,fd1c0a3de2d7dbd9d75ba0c32592896e,50471,,d342c390539c16a3ebd24f62d989870f,88,525,2367
"2018-01-19T19:56:59.000+0300",61f24d9eb3ed7d007a5fa5f5d826b2a1,4fe8325c0e937e61818b7451f23e5efe,54095,,072f83db38ddd013e59a3616bd3b05a6,53,63,91
"2018-01-19T19:56:59.000+0300",ef4da7cbd631a572d3a1413bf393a6c5,fd1c0a3de2d7dbd9d75ba0c32592896e,50468,,d342c390539c16a3ebd24f62d989870f,88,678,678
"2018-01-19T19:56:59.000+0300",ef4da7cbd631a572d3a1413bf393a6c5,fd1c0a3de2d7dbd9d75ba0c32592896e,50474,,d342c390539c16a3ebd24f62d989870f,88,2478,2507
"2018-01-19T19:56:59.000+0300",61f24d9eb3ed7d007a5fa5f5d826b2a1,4fe8325c0e937e61818b7451f23e5efe,57347,,072f83db38ddd013e59a3616bd3b05a6,53,63,79
"2018-01-19T19:56:59.000+0300",61f24d9eb3ed7d007a5fa5f5d826b2a1,4fe8325c0e937e61818b7451f23e5efe,55797,,072f83db38ddd013e59a3616bd3b05a6,53,81,109
"2018-01-19T19:56:59.000+0300",,c936b2fedca8c81f5acdd20d5ce60aa7,57498,76b91a4eb84eddaf4795145a4da2d3b2,c5a53f0c105d1443f05ebc529d3b6a3f,3470,40,0
"2018-01-19T19:56:59.000+0300",61f24d9eb3ed7d007a5fa5f5d826b2a1,4fe8325c0e937e61818b7451f23e5efe,58145,,072f83db38ddd013e59a3616bd3b05a6,53,67,144
"2018-01-19T20:07:07.000+0300",61f24d9eb3ed7d007a5fa5f5d826b2a1,4fe8325c0e937e61818b7451f23e5efe,58366,,072f83db38ddd013e59a3616bd3b05a6,53,65,81
"2018-01-19T20:07:07.000+0300",d5e929fc948d75ca9356f9099a09e332,d1bb132d1dcebf079575a87c8383ec43,57288,,8be2b4b2c4b07d9d08637a1361fb2609,443,2880,2566
"2018-01-19T20:07:07.000+0300",d7988e912bef788f3ba65a206db8f096,1e356871888ebae4ab690a7839919ad6,63642,,a406580c6a0bee49611c244fda298f90,80,104,52
"2018-01-19T20:07:07.000+0300",61f24d9eb3ed7d007a5fa5f5d826b2a1,4fe8325c0e937e61818b7451f23e5efe,63175,,072f83db38ddd013e59a3616bd3b05a6,53,65,93
"2018-01-19T20:07:07.000+0300",d7988e912bef788f3ba65a206db8f096,1e356871888ebae4ab690a7839919ad6,63719,,a406580c6a0bee49611c244fda298f90,443,104,52
"2018-01-19T20:07:07.000+0300",61f24d9eb3ed7d007a5fa5f5d826b2a1,4fe8325c0e937e61818b7451f23e5efe,51969,,072f83db38ddd013e59a3616bd3b05a6,53,65,81
"2018-01-19T20:07:07.000+0300",d7988e912bef788f3ba65a206db8f096,1e356871888ebae4ab690a7839919ad6,63813,,8393ff780547d730c589c9912476d584,443,1857,5905
"2018-01-19T20:07:07.000+0300",d7988e912bef788f3ba65a206db8f096,1e356871888ebae4ab690a7839919ad6,63815,,8393ff780547d730c589c9912476d584,443,1419,1721
"2018-01-19T20:07:07.000+0300",61f24d9eb3ed7d007a5fa5f5d826b2a1,4fe8325c0e937e61818b7451f23e5efe,50036,,072f83db38ddd013e59a3616bd3b05a6,53,65,93
"2018-01-19T20:06:01.000+0300",61f24d9eb3ed7d007a5fa5f5d826b2a1,4fe8325c0e937e61818b7451f23e5efe,49947,,0956783fe5a6d8e0f864b5eaf4084063,53,65,93
"2018-01-19T20:06:01.000+0300",57798cc3fbf614f3b4d04e60a81a4793,128f02244e8540676413cba4ab3641c0,32277,,8a62e656c57caca26579f159853cd04d,40035,125,87
"2018-01-19T20:06:01.000+0300",61f24d9eb3ed7d007a5fa5f5d826b2a1,4fe8325c0e937e61818b7451f23e5efe,51671,,0956783fe5a6d8e0f864b5eaf4084063,53,65,81
"2018-01-19T20:06:01.000+0300",57798cc3fbf614f3b4d04e60a81a4793,128f02244e8540676413cba4ab3641c0,32277,,843f578142b80c4b38a98cae6df904ea,40030,160,49
"2018-01-19T20:06:01.000+0300",57798cc3fbf614f3b4d04e60a81a4793,128f02244e8540676413cba4ab3641c0,32277,,d34cd62ca8d61cd507f568182e58650e,40043,893,334
"2018-01-19T20:06:01.000+0300",c0bd643a643bca0e3e7922d6927af493,1ba18797f9afb9ddb9d27a286a1f3a4b,65224,,cb5fb3c6f15713679d65849b1ae01150,389,3103,3472
"2018-01-19T20:06:01.000+0300",61f24d9eb3ed7d007a5fa5f5d826b2a1,4fe8325c0e937e61818b7451f23e5efe,52141,,0956783fe5a6d8e0f864b5eaf4084063,53,65,93
"2018-01-19T20:06:01.000+0300",,d7312470503dc7f8a49d840d88954462,1695,d5e929fc948d75ca9356f9099a09e332,d1bb132d1dcebf079575a87c8383ec43,2323,44,0
"2018-01-19T20:06:01.000+0300",61f24d9eb3ed7d007a5fa5f5d826b2a1,4fe8325c0e937e61818b7451f23e5efe,61791,,0956783fe5a6d8e0f864b5eaf4084063,53,65,81
"2018-01-19T19:53:56.000+0300",,b24a569f301f0835581dd4ce52583f8c,3030,e69bfc8af0ae3e81ca31fc546d46601c,192f0fb86cd65ef3da99b7b266693011,50622,1310,6488
"2018-01-19T20:13:01.000+0300",4101960e5927fafb5cd0dbbffb401cb9,4d58757b70486bab24157457e3959717,50316,,4b744213664ce6597faec2f767d2b9d2,443,52,137
"2018-01-19T20:13:00.000+0300",d7988e912bef788f3ba65a206db8f096,1e356871888ebae4ab690a7839919ad6,64087,,5a8aa8f71c6341ac1692ae47de87cbf3,443,2371,413
"2018-01-19T20:13:00.000+0300",7ec4487102dbfbe586d776a0f757d07f,394e1550bee40953ab4e79adaee9cf72,64730,,241b59d4cc47e9b40d1582c7d2985c9e,443,40,121
"2018-01-19T20:18:56.000+0300",,8ba51e763e949b462df68ad23148fc8f,17127,2204a5f85129895a970ab729461fcafe,5be0ebcfe46469553040ed42bdb22d85,23,40,0
"2018-01-19T20:18:56.000+0300",2204a5f85129895a970ab729461fcafe,5be0ebcfe46469553040ed42bdb22d85,51029,,22b497e8ca84a55189d317da92caf4fe,443,1853,7027
"2018-01-19T20:18:55.000+0300",4f1239aa0c443ffd717c80321392f2ad,c63ffaf4c8fcad4bee2fc40bbb82e419,53887,,4b744213664ce6597faec2f767d2b9d2,443,52,137
"2018-01-19T20:18:54.000+0300",567186b9acb3ba4dc013fbdb5380b441,86550bb5bd1e439b43fd8fcfe14b33f7,49377,,0956783fe5a6d8e0f864b5eaf4084063,53,68,132
"2018-01-19T20:18:54.000+0300",8fe83f823744de68f9c0674a61b0e77b,c0d9a2ffd27b83946405c54b9cff9104,64158,,000c59a178b8a581ff05f28260803f3d,443,1648,4421
"2018-01-19T20:18:54.000+0300",,6bd313c0fe391574c1b5792bde1e7b2b,15254,3cb2596b142f9f845a1883753f186db8,74d72c2e8df1b165befb5ed4682f3cc8,23,40,0
"2018-01-19T20:18:54.000+0300",56ed3e7299972150e7ea77b867f49454,3a1b3d8e59caf42338c8a541f5b5b014,53691,,935318179cde606f990dd98809dc0ac7,443,2033,6875
"2018-01-19T20:18:54.000+0300",567186b9acb3ba4dc013fbdb5380b441,86550bb5bd1e439b43fd8fcfe14b33f7,56598,,0956783fe5a6d8e0f864b5eaf4084063,53,59,87
"2018-01-19T20:18:54.000+0300",567186b9acb3ba4dc013fbdb5380b441,86550bb5bd1e439b43fd8fcfe14b33f7,60541,,0956783fe5a6d8e0f864b5eaf4084063,53,68,96
"2018-01-19T20:18:54.000+0300",567186b9acb3ba4dc013fbdb5380b441,86550bb5bd1e439b43fd8fcfe14b33f7,56011,,0956783fe5a6d8e0f864b5eaf4084063,53,59,75
"2018-01-19T20:18:53.000+0300",,d03073b4ab6c1653e64e7e0efea912ba,63411,56ed3e7299972150e7ea77b867f49454,3a1b3d8e59caf42338c8a541f5b5b014,2323,40,0
"2018-01-19T20:18:53.000+0300",143954ed66dd97ab72a299a4e79318ec,53e7f547614c7b86bdd8e26e77a1dead,53611,,1e78a0eb9a31d3b02e4c49f9082f5e20,443,0,52
"2018-01-19T20:18:52.000+0300",efdb5488cc509caff4c2de4654240f9d,f32ed332994d599e45b8bdbfc8d1da7d,62435,,3e7548e33d77fee1d08a744b4bd9d77c,443,202,104
"2018-01-19T20:18:52.000+0300",4101960e5927fafb5cd0dbbffb401cb9,4d58757b70486bab24157457e3959717,50866,,4b744213664ce6597faec2f767d2b9d2,443,52,137
"2018-01-19T20:18:51.000+0300",d7988e912bef788f3ba65a206db8f096,1e356871888ebae4ab690a7839919ad6,62822,,995b93ce378ba29f58774d9565ebbe21,443,52,88
"2018-01-19T20:18:51.000+0300",,0f7516f4f65d8691eaf7cfd4466ee638,67,2906128b8c7bdb120a98d7e26c7e281b,3ee78f53390beb95700c278009878706,68,388,0
"2018-01-19T20:18:51.000+0300",,18b43241d2704c435d5dadcbd8dfc027,67,2906128b8c7bdb120a98d7e26c7e281b,3ee78f53390beb95700c278009878706,68,388,0
"2018-01-19T20:18:51.000+0300",,4cff6676ed199ef7cd5edc7c04ad51ec,46640,c9a0c42bd154339307e35683c5f7f9f6,9fd491b068ef38117f31f98fac2c2f47,5001,40,0
"2018-01-19T20:18:50.000+0300",efdb5488cc509caff4c2de4654240f9d,f32ed332994d599e45b8bdbfc8d1da7d,62701,,20eb24cfe5e993aea8f3e9b8b7d2cd1c,443,132,135
"2018-01-19T20:18:50.000+0300",efdb5488cc509caff4c2de4654240f9d,f32ed332994d599e45b8bdbfc8d1da7d,62569,,3a5607f4c707de0ef5ba88378521f57c,443,132,135
"2018-01-19T20:18:48.000+0300",2204a5f85129895a970ab729461fcafe,5be0ebcfe46469553040ed42bdb22d85,51028,,5a3651b1dab35555384cd693208b9ed6,80,1107,694
"2018-01-19T20:18:48.000+0300",6692a413af33c3a253ac40aa4af323a6,ac448b1672608059e4d0df008c00f3db,51848,,74147d2512eb886b2565c37898d8b880,40012,167,49
"2018-01-19T20:18:48.000+0300",567186b9acb3ba4dc013fbdb5380b441,86550bb5bd1e439b43fd8fcfe14b33f7,50257,,06144967b8bceed86fc0cd8b366ce004,40014,168,271
"2018-01-19T20:18:48.000+0300",,5b656810e2df7098c720a8e9349e5801,5223,ef407a4a8c7262284b558651b8e7eff3,57b890be6203e4341d3bdd14625dc39c,52245,105,205
"2018-01-19T20:18:46.000+0300",2204a5f85129895a970ab729461fcafe,5be0ebcfe46469553040ed42bdb22d85,62430,,0956783fe5a6d8e0f864b5eaf4084063,53,65,81
"2018-01-19T20:18:46.000+0300",2204a5f85129895a970ab729461fcafe,5be0ebcfe46469553040ed42bdb22d85,63604,,0956783fe5a6d8e0f864b5eaf4084063,53,65,93
"2018-01-19T20:18:46.000+0300",,acdb177a93e6b281413b8e7f48e21c20,64267,3cb2596b142f9f845a1883753f186db8,74d72c2e8df1b165befb5ed4682f3cc8,23,40,0
"2018-01-19T20:18:45.000+0300",f2825c1deb48cc723dc27b598c662610,43ed6a1c781031fa618c0350a801e52f,45198,,2e75e817fa8f44156f669f49ae891dad,443,10753,2970
"2018-01-19T20:18:43.000+0300",2204a5f85129895a970ab729461fcafe,5be0ebcfe46469553040ed42bdb22d85,61032,,0956783fe5a6d8e0f864b5eaf4084063,53,74,102
"2018-01-19T20:18:43.000+0300",2204a5f85129895a970ab729461fcafe,5be0ebcfe46469553040ed42bdb22d85,50243,,0956783fe5a6d8e0f864b5eaf4084063,53,74,90
"2018-01-19T20:18:43.000+0300",4f1239aa0c443ffd717c80321392f2ad,c63ffaf4c8fcad4bee2fc40bbb82e419,62247,,9afbaf5aa9c0b7e63d5ad7906e5bc4fd,53,75,131
"2018-01-19T20:18:43.000+0300",6692a413af33c3a253ac40aa4af323a6,ac448b1672608059e4d0df008c00f3db,60544,,a9b7c6806d2abcf8a593c40261950470,443,52,537
"2018-01-19T20:18:43.000+0300",,c58562e54cfdbaad2974be95bbc4ab6f,4935,4f1239aa0c443ffd717c80321392f2ad,c63ffaf4c8fcad4bee2fc40bbb82e419,3389,52,0
"2018-01-19T20:18:42.000+0300",,aaeb7fc86036490112c8bce3a58db943,39492,6692a413af33c3a253ac40aa4af323a6,ac448b1672608059e4d0df008c00f3db,23,40,0
"2018-01-19T20:18:42.000+0300",143954ed66dd97ab72a299a4e79318ec,53e7f547614c7b86bdd8e26e77a1dead,53696,,e3ec35262a27486da55813ba91a9b34b,80,0,157
"2018-01-19T20:18:42.000+0300",2204a5f85129895a970ab729461fcafe,5be0ebcfe46469553040ed42bdb22d85,50699,,1b7e3ffb6a278c683d1df201f92677af,443,40,52
"2018-01-19T20:18:41.000+0300",6692a413af33c3a253ac40aa4af323a6,ac448b1672608059e4d0df008c00f3db,61611,,f96a4efc166208a9fcb066ad1ff6426e,443,1314,5909
"2018-01-19T20:18:40.000+0300",2204a5f85129895a970ab729461fcafe,5be0ebcfe46469553040ed42bdb22d85,50612,,b6c1cb296fcfc020db42a2fdf2138d06,443,2177,653
"2018-01-19T20:18:40.000+0300",2204a5f85129895a970ab729461fcafe,5be0ebcfe46469553040ed42bdb22d85,50663,,ce5c10bdf0a9eaa60790c5f63c07b56d,443,40,52
"2018-01-19T20:18:40.000+0300",2204a5f85129895a970ab729461fcafe,5be0ebcfe46469553040ed42bdb22d85,50662,,ce5c10bdf0a9eaa60790c5f63c07b56d,443,40,52
"2018-01-19T20:18:40.000+0300",c2ab255782b3a1277e234b454e512763,7204bd1dff0438b36202d9b72c80353a,54225,,d2c4138c70373c62246082078f5c3265,443,40,52
"2018-01-19T20:18:40.000+0300",2204a5f85129895a970ab729461fcafe,5be0ebcfe46469553040ed42bdb22d85,50659,,ce5c10bdf0a9eaa60790c5f63c07b56d,443,40,52
"2018-01-19T20:18:39.000+0300",c3e01a273ae9bca96dd92991408e9f47,c5230147e05a30326ca7bf206bd0ad1f,50256,,e3ec35262a27486da55813ba91a9b34b,443,0,157
"2018-01-19T20:18:38.000+0300",ef407a4a8c7262284b558651b8e7eff3,57b890be6203e4341d3bdd14625dc39c,17570,,072f83db38ddd013e59a3616bd3b05a6,53,67,129
"2018-01-19T20:18:38.000+0300",2204a5f85129895a970ab729461fcafe,5be0ebcfe46469553040ed42bdb22d85,50700,,1b7e3ffb6a278c683d1df201f92677af,443,40,52
"2018-01-19T20:18:38.000+0300",ef407a4a8c7262284b558651b8e7eff3,57b890be6203e4341d3bdd14625dc39c,55810,,072f83db38ddd013e59a3616bd3b05a6,53,67,141
"2018-01-19T20:18:38.000+0300",d7988e912bef788f3ba65a206db8f096,1e356871888ebae4ab690a7839919ad6,61487,,b71a1d0d67f3f29a1442209315a9b86c,443,162,118
"2018-01-19T20:18:37.000+0300",f2825c1deb48cc723dc27b598c662610,43ed6a1c781031fa618c0350a801e52f,49912,,e3ec35262a27486da55813ba91a9b34b,80,104,52
"2018-01-19T20:18:37.000+0300",f2825c1deb48cc723dc27b598c662610,43ed6a1c781031fa618c0350a801e52f,33016,,0956783fe5a6d8e0f864b5eaf4084063,53,62,123
"2018-01-19T20:18:37.000+0300",,5430ca6a3d23a2f0605e024323db61b8,45896,57798cc3fbf614f3b4d04e60a81a4793,128f02244e8540676413cba4ab3641c0,4817,40,0
"2018-01-19T20:18:37.000+0300",f2825c1deb48cc723dc27b598c662610,43ed6a1c781031fa618c0350a801e52f,40900,,0956783fe5a6d8e0f864b5eaf4084063,53,63,114
"2018-01-19T20:18:37.000+0300",f2825c1deb48cc723dc27b598c662610,43ed6a1c781031fa618c0350a801e52f,37865,,0956783fe5a6d8e0f864b5eaf4084063,53,67,123
"2018-01-19T20:18:37.000+0300",f2825c1deb48cc723dc27b598c662610,43ed6a1c781031fa618c0350a801e52f,53109,,0956783fe5a6d8e0f864b5eaf4084063,53,52,52
"2018-01-19T20:18:37.000+0300",f2825c1deb48cc723dc27b598c662610,43ed6a1c781031fa618c0350a801e52f,51457,,072f83db38ddd013e59a3616bd3b05a6,53,52,52
"2018-01-19T20:18:37.000+0300",f2825c1deb48cc723dc27b598c662610,43ed6a1c781031fa618c0350a801e52f,39470,,e3ec35262a27486da55813ba91a9b34b,443,386,334
"2018-01-19T20:18:37.000+0300",f2825c1deb48cc723dc27b598c662610,43ed6a1c781031fa618c0350a801e52f,46388,,0956783fe5a6d8e0f864b5eaf4084063,53,67,123
"2018-01-19T20:18:37.000+0300",f2825c1deb48cc723dc27b598c662610,43ed6a1c781031fa618c0350a801e52f,57628,,072f83db38ddd013e59a3616bd3b05a6,53,52,52
"2018-01-19T20:18:37.000+0300",,0b4a70595d66468fc478522b9d4cf6c8,50946,9339841077c3cf6949f692a44d57e03e,2eef29afe2365261fe37473ad4d43e16,52869,40,0
"2018-01-19T20:18:37.000+0300",f2825c1deb48cc723dc27b598c662610,43ed6a1c781031fa618c0350a801e52f,52240,,0956783fe5a6d8e0f864b5eaf4084063,53,63,114
"2018-01-19T20:18:37.000+0300",f2825c1deb48cc723dc27b598c662610,43ed6a1c781031fa618c0350a801e52f,40729,,0956783fe5a6d8e0f864b5eaf4084063,53,140,184
"2018-01-19T20:18:37.000+0300",f2825c1deb48cc723dc27b598c662610,43ed6a1c781031fa618c0350a801e52f,36344,,0956783fe5a6d8e0f864b5eaf4084063,53,52,52
"2018-01-19T20:18:37.000+0300",f2825c1deb48cc723dc27b598c662610,43ed6a1c781031fa618c0350a801e52f,40933,,0956783fe5a6d8e0f864b5eaf4084063,53,62,123
"2018-01-19T20:18:36.000+0300",,b24a569f301f0835581dd4ce52583f8c,3030,56ed3e7299972150e7ea77b867f49454,3a1b3d8e59caf42338c8a541f5b5b014,53684,210,571
"2018-01-19T20:18:36.000+0300",4101960e5927fafb5cd0dbbffb401cb9,4d58757b70486bab24157457e3959717,50879,,bb9659981f6b787c4846e6f0dc069e5b,443,12938,3850
"2018-01-19T20:18:36.000+0300",f2825c1deb48cc723dc27b598c662610,43ed6a1c781031fa618c0350a801e52f,33039,,0956783fe5a6d8e0f864b5eaf4084063,53,140,184
"2018-01-19T20:18:35.000+0300",d7988e912bef788f3ba65a206db8f096,1e356871888ebae4ab690a7839919ad6,64248,,fad04ae8bb6d20fca8a73acbf0980075,443,202,104
"2018-01-19T20:18:35.000+0300",,dc94afd4f687da55eebf3d37767c5c98,45961,f3564130184e1278196399f73070ab63,a18387e7aadd261a5a72c78390400899,23,40,0
"2018-01-19T20:18:34.000+0300",,5db81ce6b108a18bb6d7fa4a93d1371f,11385,ef407a4a8c7262284b558651b8e7eff3,57b890be6203e4341d3bdd14625dc39c,23,40,0
"2018-01-19T20:18:34.000+0300",d7988e912bef788f3ba65a206db8f096,1e356871888ebae4ab690a7839919ad6,58326,,798e9929faf3a92bbc4b8a9c0cb856ad,443,172,118
"2018-01-19T20:18:34.000+0300",d7988e912bef788f3ba65a206db8f096,1e356871888ebae4ab690a7839919ad6,64405,,8b18e5b2226301729de38d825c4f8564,443,2254,6505
"2018-01-19T20:18:34.000+0300",4101960e5927fafb5cd0dbbffb401cb9,4d58757b70486bab24157457e3959717,50807,,bb9659981f6b787c4846e6f0dc069e5b,443,2915,1012
"2018-01-19T20:18:34.000+0300",57798cc3fbf614f3b4d04e60a81a4793,128f02244e8540676413cba4ab3641c0,62744,,a9b7c6806d2abcf8a593c40261950470,443,833,738
"2018-01-19T20:18:34.000+0300",,e11ef9a36f5f9b3b86ff4e5f185ba8f2,16267,15a899e5895d984f4f817a150dfff2e0,1ee67bb004bd5c3a1c0ef0a1e8e32a07,23,40,0
"2018-01-19T20:18:34.000+0300",2204a5f85129895a970ab729461fcafe,5be0ebcfe46469553040ed42bdb22d85,51023,,b99ac8afe48f16aa3b8d46dfbae13fab,443,2504,4343
"2018-01-19T20:18:34.000+0300",f2825c1deb48cc723dc27b598c662610,43ed6a1c781031fa618c0350a801e52f,40507,,0956783fe5a6d8e0f864b5eaf4084063,53,134,256
"2018-01-19T20:18:34.000+0300",d7988e912bef788f3ba65a206db8f096,1e356871888ebae4ab690a7839919ad6,58325,,798e9929faf3a92bbc4b8a9c0cb856ad,443,172,118
"2018-01-19T20:18:33.000+0300",2204a5f85129895a970ab729461fcafe,5be0ebcfe46469553040ed42bdb22d85,57098,,0956783fe5a6d8e0f864b5eaf4084063,53,66,131
"2018-01-19T20:18:33.000+0300",2204a5f85129895a970ab729461fcafe,5be0ebcfe46469553040ed42bdb22d85,63529,,0956783fe5a6d8e0f864b5eaf4084063,53,66,194
"2018-01-19T20:18:33.000+0300",8fe83f823744de68f9c0674a61b0e77b,c0d9a2ffd27b83946405c54b9cff9104,52988,,398d3ca7997c0147a8ef34ac156c0dc8,443,3236,489
"2018-01-19T20:18:33.000+0300",,8cfd5822a4b4861f25768f920be9b440,36877,efdb5488cc509caff4c2de4654240f9d,f32ed332994d599e45b8bdbfc8d1da7d,23,40,0
"2018-01-19T20:18:33.000+0300",57798cc3fbf614f3b4d04e60a81a4793,128f02244e8540676413cba4ab3641c0,62184,,241b59d4cc47e9b40d1582c7d2985c9e,443,52,153
"2018-01-19T20:18:32.000+0300",b1a660f2b26bc18f861d776c91e31a54,89e46ca39d5523b529ef307cb1fb221d,58171,,0962042bc30d3b3ae9d77a9c94c9cfb9,443,1256,5945
"2018-01-19T20:18:32.000+0300",4f1239aa0c443ffd717c80321392f2ad,c63ffaf4c8fcad4bee2fc40bbb82e419,53934,,09f5f3dd35d01501bee7e22185bcc0b9,443,162,99
"2018-01-19T20:18:32.000+0300",,7a2a32d365b6ee009a55b46ef1e1ef7b,51932,c9a0c42bd154339307e35683c5f7f9f6,9fd491b068ef38117f31f98fac2c2f47,445,48,0
"2018-01-19T20:18:31.000+0300",4e800e4e03fdd9e0729865dfbd33b137,2fa5173cfa3032dfd7f8bc494f81c41d,53828,,fe400843cbde11ccaac107e604198015,443,187,52
"2018-01-19T20:18:31.000+0300",,e479c19f5f54de8ddeda8e653949f024,12350,57798cc3fbf614f3b4d04e60a81a4793,128f02244e8540676413cba4ab3641c0,62745,57,109
"2018-01-19T20:18:31.000+0300",e69bfc8af0ae3e81ca31fc546d46601c,192f0fb86cd65ef3da99b7b266693011,54350,,565e6fffbd9668019dd0ca80772544f5,123,76,76
"2018-01-19T20:18:31.000+0300",6692a413af33c3a253ac40aa4af323a6,ac448b1672608059e4d0df008c00f3db,51848,,71e1263edb547326a8e347daeecde089,40039,65,48
"2018-01-19T20:18:31.000+0300",6692a413af33c3a253ac40aa4af323a6,ac448b1672608059e4d0df008c00f3db,51848,,0c018238b990b4f0dbb7044495b942dd,40016,159,49
"2018-01-19T20:18:31.000+0300",4101960e5927fafb5cd0dbbffb401cb9,4d58757b70486bab24157457e3959717,50874,,307d6cbf8ae0f15371e42e9a69d39f31,443,1083,1795
"2018-01-19T20:18:31.000+0300",6692a413af33c3a253ac40aa4af323a6,ac448b1672608059e4d0df008c00f3db,51848,,092c3b706c183dc6bea267768bcd09f4,40016,166,90
"2018-01-19T20:18:30.000+0300",9339841077c3cf6949f692a44d57e03e,2eef29afe2365261fe37473ad4d43e16,53398,,4b744213664ce6597faec2f767d2b9d2,443,0,133
"2018-01-19T20:18:30.000+0300",9339841077c3cf6949f692a44d57e03e,2eef29afe2365261fe37473ad4d43e16,0,,25b08080dc5cd37f83f696f0e8a057d6,0,32,0
"2018-01-19T20:18:30.000+0300",2204a5f85129895a970ab729461fcafe,5be0ebcfe46469553040ed42bdb22d85,50749,,06764cf5f63409a5f36c796d2854023a,443,239,215
"2018-01-19T20:18:30.000+0300",4f1239aa0c443ffd717c80321392f2ad,c63ffaf4c8fcad4bee2fc40bbb82e419,24097,,ca19f470958b98f7ce15150a82a46c99,40016,164,49
"2018-01-19T20:18:30.000+0300",,f5ab50b2554e301e3529fbda0c3a6788,53416,3cb2596b142f9f845a1883753f186db8,74d72c2e8df1b165befb5ed4682f3cc8,25,40,0
"2018-01-19T20:18:30.000+0300",9339841077c3cf6949f692a44d57e03e,2eef29afe2365261fe37473ad4d43e16,2048,,25b08080dc5cd37f83f696f0e8a057d6,0,0,32
"2018-01-19T20:18:30.000+0300",,f1c9d8fe04a6c74ef43db1f1bff70eef,26889,4e800e4e03fdd9e0729865dfbd33b137,2fa5173cfa3032dfd7f8bc494f81c41d,3784,40,0
"2018-01-19T20:18:29.000+0300",d7988e912bef788f3ba65a206db8f096,1e356871888ebae4ab690a7839919ad6,64401,,831ef4c0b15a6689e6e01e5133b53122,443,2371,413
"2018-01-19T20:18:29.000+0300",567186b9acb3ba4dc013fbdb5380b441,86550bb5bd1e439b43fd8fcfe14b33f7,64579,,c6bf804b15719bed9abb7cf4477cf664,443,181,141
"2018-01-19T20:18:29.000+0300",,4e7cbd5407078cdf84855ff9a8c6bf7f,12350,567186b9acb3ba4dc013fbdb5380b441,86550bb5bd1e439b43fd8fcfe14b33f7,62467,45,85
"2018-01-19T20:18:29.000+0300",2204a5f85129895a970ab729461fcafe,5be0ebcfe46469553040ed42bdb22d85,50566,,0956783fe5a6d8e0f864b5eaf4084063,53,78,144
"2018-01-19T20:18:29.000+0300",e69bfc8af0ae3e81ca31fc546d46601c,192f0fb86cd65ef3da99b7b266693011,51351,,0c764e55a1a05d14fe6bc666ba7dc197,123,152,152
"2018-01-19T20:18:29.000+0300",ef407a4a8c7262284b558651b8e7eff3,57b890be6203e4341d3bdd14625dc39c,53431,,234923a49d4521d2add12d3e7c90b43d,443,0,104
"2018-01-19T20:18:29.000+0300",2204a5f85129895a970ab729461fcafe,5be0ebcfe46469553040ed42bdb22d85,51021,,22b497e8ca84a55189d317da92caf4fe,443,1861,6819
"2018-01-19T20:18:29.000+0300",e69bfc8af0ae3e81ca31fc546d46601c,192f0fb86cd65ef3da99b7b266693011,50936,,398d3ca7997c0147a8ef34ac156c0dc8,443,1114,361
"2018-01-19T20:18:28.000+0300",d7988e912bef788f3ba65a206db8f096,1e356871888ebae4ab690a7839919ad6,64366,,831ef4c0b15a6689e6e01e5133b53122,443,144,966
"2018-01-19T20:18:28.000+0300",2204a5f85129895a970ab729461fcafe,5be0ebcfe46469553040ed42bdb22d85,63314,,0956783fe5a6d8e0f864b5eaf4084063,53,71,133
"2018-01-19T20:18:28.000+0300",4e800e4e03fdd9e0729865dfbd33b137,2fa5173cfa3032dfd7f8bc494f81c41d,53772,,fe400843cbde11ccaac107e604198015,443,187,52
"2018-01-19T20:18:28.000+0300",,0b36ee95597201ca3494b6e8a6e980ab,41244,b1a660f2b26bc18f861d776c91e31a54,89e46ca39d5523b529ef307cb1fb221d,3389,40,0
"2018-01-19T20:18:28.000+0300",,0b36ee95597201ca3494b6e8a6e980ab,41244,f7301805f70c8105664e597604e736bb,2c0c479c9a1e17a82cd2d3dc87cb0f4c,3389,40,0
"2018-01-19T20:18:28.000+0300",2204a5f85129895a970ab729461fcafe,5be0ebcfe46469553040ed42bdb22d85,50524,,0956783fe5a6d8e0f864b5eaf4084063,53,71,180
"2018-01-19T20:18:28.000+0300",,5430ca6a3d23a2f0605e024323db61b8,45896,4f1239aa0c443ffd717c80321392f2ad,c63ffaf4c8fcad4bee2fc40bbb82e419,4991,40,0
"2018-01-19T20:18:27.000+0300",8fe83f823744de68f9c0674a61b0e77b,c0d9a2ffd27b83946405c54b9cff9104,63802,,b2b63e0d00d034c278aa309149983efc,443,239,575
"2018-01-19T20:18:27.000+0300",4f1239aa0c443ffd717c80321392f2ad,c63ffaf4c8fcad4bee2fc40bbb82e419,53874,,831eb0e1d2ecfefb734b544402453a9c,40024,160,174
"2018-01-19T20:18:27.000+0300",8fe83f823744de68f9c0674a61b0e77b,c0d9a2ffd27b83946405c54b9cff9104,64046,,b2b63e0d00d034c278aa309149983efc,443,1436,3465
"2018-01-19T20:18:27.000+0300",,0f7516f4f65d8691eaf7cfd4466ee638,67,f7301805f70c8105664e597604e736bb,2c0c479c9a1e17a82cd2d3dc87cb0f4c,68,388,0
"2018-01-19T20:18:27.000+0300",,18b43241d2704c435d5dadcbd8dfc027,67,f7301805f70c8105664e597604e736bb,2c0c479c9a1e17a82cd2d3dc87cb0f4c,68,388,0
"2018-01-19T20:18:27.000+0300",4f1239aa0c443ffd717c80321392f2ad,c63ffaf4c8fcad4bee2fc40bbb82e419,53877,,a9b7c6806d2abcf8a593c40261950470,443,104,818
"2018-01-19T20:18:26.000+0300",d5e929fc948d75ca9356f9099a09e332,d1bb132d1dcebf079575a87c8383ec43,51187,,59b855f04d1b61442bf916e124663349,443,40,52
"2018-01-19T20:18:26.000+0300",2204a5f85129895a970ab729461fcafe,5be0ebcfe46469553040ed42bdb22d85,50469,,c87a00762d2e7404ea6d9978310f6c8c,80,438,124
"2018-01-19T20:18:25.000+0300",6692a413af33c3a253ac40aa4af323a6,ac448b1672608059e4d0df008c00f3db,61595,,3c132bc1adaf4aca90e6621b10860733,443,6654,4281
"2018-01-19T20:18:25.000+0300",a86356248128c94c718633744eb51988,0930375fd598c9e2a0103c7b2e8e6e63,60512,,ddc69fecac929dce4a20d790a587fc7b,631,300,0
"2018-01-19T20:18:25.000+0300",6692a413af33c3a253ac40aa4af323a6,ac448b1672608059e4d0df008c00f3db,123,,c58b06ee64252b700e189983f340bef2,123,76,76
"2018-01-19T20:18:24.000+0300",,49ea1b1475981bb87b1251164bf98757,47815,4e800e4e03fdd9e0729865dfbd33b137,2fa5173cfa3032dfd7f8bc494f81c41d,2323,40,0
"2018-01-19T20:18:24.000+0300",6692a413af33c3a253ac40aa4af323a6,ac448b1672608059e4d0df008c00f3db,61594,,18a2ebb958c45dabb5492e3897364923,443,2009,4132
"2018-01-19T20:18:24.000+0300",2204a5f85129895a970ab729461fcafe,5be0ebcfe46469553040ed42bdb22d85,50232,,603bbdb86c41d64c45fe6328b355e8ae,443,162,99
"2018-01-19T20:18:24.000+0300",,49ea1b1475981bb87b1251164bf98757,47815,4e800e4e03fdd9e0729865dfbd33b137,2fa5173cfa3032dfd7f8bc494f81c41d,23,40,0
"2018-01-19T20:18:24.000+0300",f2825c1deb48cc723dc27b598c662610,43ed6a1c781031fa618c0350a801e52f,32982,,43eaf3094ce0afd280891213fcb057df,443,460,675
"2018-01-19T20:18:23.000+0300",2204a5f85129895a970ab729461fcafe,5be0ebcfe46469553040ed42bdb22d85,49170,,0956783fe5a6d8e0f864b5eaf4084063,53,69,97
"2018-01-19T20:18:23.000+0300",,2117c4cadb280782f4aa585f593107e8,50618,d7988e912bef788f3ba65a206db8f096,1e356871888ebae4ab690a7839919ad6,3389,40,0
"2018-01-19T20:18:23.000+0300",ef407a4a8c7262284b558651b8e7eff3,57b890be6203e4341d3bdd14625dc39c,54439,,929c034249ba2ebe14798d2f6d666380,443,208,285
"2018-01-19T20:18:23.000+0300",8fe83f823744de68f9c0674a61b0e77b,c0d9a2ffd27b83946405c54b9cff9104,63843,,44fa704478dbb0a1774ebb194d57bb98,443,40,52
"2018-01-19T20:18:23.000+0300",2204a5f85129895a970ab729461fcafe,5be0ebcfe46469553040ed42bdb22d85,60258,,0956783fe5a6d8e0f864b5eaf4084063,53,69,85
"2018-01-19T20:18:22.000+0300",7ec4487102dbfbe586d776a0f757d07f,394e1550bee40953ab4e79adaee9cf72,57955,,a9b7c6806d2abcf8a593c40261950470,443,120,1700
"2018-01-19T20:18:22.000+0300",d5b610513ec3e3379eecb1a4b7455edf,3e4b7aee3d68db7d4cc5534c0223c6a5,50400,,b24a569f301f0835581dd4ce52583f8c,3030,6528,1102
"2018-01-19T20:18:22.000+0300",c2ab255782b3a1277e234b454e512763,7204bd1dff0438b36202d9b72c80353a,54230,,0fcf08000d8647525fd0b5e7b61ed94e,443,40,52
"2018-01-19T20:18:22.000+0300",c2ab255782b3a1277e234b454e512763,7204bd1dff0438b36202d9b72c80353a,54226,,0fcf08000d8647525fd0b5e7b61ed94e,443,40,52
"2018-01-19T20:18:21.000+0300",6692a413af33c3a253ac40aa4af323a6,ac448b1672608059e4d0df008c00f3db,51848,,a100d7659b0df5a274bd39b7ec8c3ef8,40017,61,48
"2018-01-19T20:18:21.000+0300",567186b9acb3ba4dc013fbdb5380b441,86550bb5bd1e439b43fd8fcfe14b33f7,53583,,0956783fe5a6d8e0f864b5eaf4084063,53,68,96
"2018-01-19T20:18:21.000+0300",6692a413af33c3a253ac40aa4af323a6,ac448b1672608059e4d0df008c00f3db,51848,,f438a8ad07c1d6f8ee9be4348853ca29,40009,62,48
"2018-01-19T20:18:21.000+0300",6692a413af33c3a253ac40aa4af323a6,ac448b1672608059e4d0df008c00f3db,51848,,e8d121592e5bfa4f45b4042a2878076a,40019,63,48
"2018-01-19T20:18:21.000+0300",d5e929fc948d75ca9356f9099a09e332,d1bb132d1dcebf079575a87c8383ec43,51631,,14718e634ed5db0cb1bb15a6697d21c8,443,396,712
"2018-01-19T20:18:21.000+0300",6692a413af33c3a253ac40aa4af323a6,ac448b1672608059e4d0df008c00f3db,51848,,b4f38dc60c85a6ee78dd76da980c2077,40009,64,48
"2018-01-19T20:18:21.000+0300",567186b9acb3ba4dc013fbdb5380b441,86550bb5bd1e439b43fd8fcfe14b33f7,55656,,0956783fe5a6d8e0f864b5eaf4084063,53,68,148
"2018-01-19T20:18:21.000+0300",6692a413af33c3a253ac40aa4af323a6,ac448b1672608059e4d0df008c00f3db,51848,,bdabe8923c2b0a1a096465c3f0fe0930,40018,63,48
"2018-01-19T20:18:21.000+0300",6692a413af33c3a253ac40aa4af323a6,ac448b1672608059e4d0df008c00f3db,51848,,3862ed1f707c26295115d1f262ac023d,40015,65,48
"2018-01-19T20:18:21.000+0300",6692a413af33c3a253ac40aa4af323a6,ac448b1672608059e4d0df008c00f3db,51848,,c5b8a9836ef08e16cdc6038862a0431e,40019,67,48
"2018-01-19T20:18:21.000+0300",6692a413af33c3a253ac40aa4af323a6,ac448b1672608059e4d0df008c00f3db,51848,,c30056ae74b259c0035ce272ade675b0,40006,162,49
"2018-01-19T20:18:21.000+0300",6692a413af33c3a253ac40aa4af323a6,ac448b1672608059e4d0df008c00f3db,51848,,58dd0035972662aa2cac2c19d1c91f19,40041,64,48
"2018-01-19T20:18:21.000+0300",6692a413af33c3a253ac40aa4af323a6,ac448b1672608059e4d0df008c00f3db,51848,,35a8444dffadf50e5356cc2f24748199,40001,62,48
"2018-01-19T20:18:21.000+0300",6692a413af33c3a253ac40aa4af323a6,ac448b1672608059e4d0df008c00f3db,51848,,14fb2db4166f9a9c63a23a8f9a1c30cd,40007,64,48
"2018-01-19T20:18:21.000+0300",6692a413af33c3a253ac40aa4af323a6,ac448b1672608059e4d0df008c00f3db,51848,,019295c031084af450d21df3b3b6b3f2,40031,65,48
"2018-01-19T20:18:20.000+0300",efdb5488cc509caff4c2de4654240f9d,f32ed332994d599e45b8bdbfc8d1da7d,60286,,c6285f6e569233be651fa60f272010a6,443,284,168
"2018-01-19T20:18:20.000+0300",d5e929fc948d75ca9356f9099a09e332,d1bb132d1dcebf079575a87c8383ec43,55939,,5ce7f3f368bbf7282154664e467a8877,443,40,52
"2018-01-19T20:18:20.000+0300",,7f0d2802e0fd56fc68d5b36423f5abd6,58022,567186b9acb3ba4dc013fbdb5380b441,86550bb5bd1e439b43fd8fcfe14b33f7,9200,40,0
"2018-01-19T20:18:18.000+0300",c2ab255782b3a1277e234b454e512763,7204bd1dff0438b36202d9b72c80353a,54311,,426faf011f46c0096f7ab8b039486fc7,443,208,285
"2018-01-19T20:18:18.000+0300",2204a5f85129895a970ab729461fcafe,5be0ebcfe46469553040ed42bdb22d85,50994,,822e8a630b291e933814c1418090b94b,443,104,52
"2018-01-19T20:18:18.000+0300",2204a5f85129895a970ab729461fcafe,5be0ebcfe46469553040ed42bdb22d85,50909,,02c596a2f694b4c18cdc300c09c54573,80,80,40
"2018-01-19T20:18:18.000+0300",2204a5f85129895a970ab729461fcafe,5be0ebcfe46469553040ed42bdb22d85,50984,,1e31c8768b4f0f19eb7425cd270c90ad,80,104,52
"2018-01-19T20:18:18.000+0300",2204a5f85129895a970ab729461fcafe,5be0ebcfe46469553040ed42bdb22d85,50860,,89595a43dfa7d24c42f0f189a4338c89,80,52,40
"2018-01-19T20:18:18.000+0300",2204a5f85129895a970ab729461fcafe,5be0ebcfe46469553040ed42bdb22d85,50941,,3c3b2c200ecc03be8396ceef059d3fe0,80,104,52
"2018-01-19T20:18:18.000+0300",,c936b2fedca8c81f5acdd20d5ce60aa7,57498,8fe83f823744de68f9c0674a61b0e77b,c0d9a2ffd27b83946405c54b9cff9104,3404,40,0
"2018-01-19T20:18:18.000+0300",2204a5f85129895a970ab729461fcafe,5be0ebcfe46469553040ed42bdb22d85,50954,,6350d51ab3d5604a065281b3fe7d31db,80,80,40
"2018-01-19T20:18:18.000+0300",2204a5f85129895a970ab729461fcafe,5be0ebcfe46469553040ed42bdb22d85,50940,,3c3b2c200ecc03be8396ceef059d3fe0,80,104,52
"2018-01-19T20:18:18.000+0300",2204a5f85129895a970ab729461fcafe,5be0ebcfe46469553040ed42bdb22d85,50999,,72ea4eb5bd58cdc2a491675a3c5a5993,443,104,52
"2018-01-19T20:18:18.000+0300",2204a5f85129895a970ab729461fcafe,5be0ebcfe46469553040ed42bdb22d85,51014,,94e470753edc90923a0ad29286f89762,80,104,52
"2018-01-19T20:18:18.000+0300",2204a5f85129895a970ab729461fcafe,5be0ebcfe46469553040ed42bdb22d85,50971,,3f51a1886c773e4980bb4369e7b38196,80,104,52
"2018-01-19T20:18:18.000+0300",2204a5f85129895a970ab729461fcafe,5be0ebcfe46469553040ed42bdb22d85,50916,,1fc0608db6bc67567f52b463b7d03d95,80,104,52
"2018-01-19T20:18:18.000+0300",2204a5f85129895a970ab729461fcafe,5be0ebcfe46469553040ed42bdb22d85,50982,,abc7c0c3c169d0e33dac86cfc43d796a,80,104,52
"2018-01-19T20:18:18.000+0300",2204a5f85129895a970ab729461fcafe,5be0ebcfe46469553040ed42bdb22d85,50948,,b9e8ae868e582cf751de9f13bcdd7d01,80,104,52
"2018-01-19T20:18:18.000+0300",2204a5f85129895a970ab729461fcafe,5be0ebcfe46469553040ed42bdb22d85,50850,,a18d84d182c3c9f2bad3ad4485e5acf5,80,52,40
"2018-01-19T20:18:18.000+0300",2204a5f85129895a970ab729461fcafe,5be0ebcfe46469553040ed42bdb22d85,50951,,5b54e46b1fbdd4e9a8ebbe75e88f1470,80,104,52
"2018-01-19T20:18:18.000+0300",2204a5f85129895a970ab729461fcafe,5be0ebcfe46469553040ed42bdb22d85,51007,,571a7796aafc1b4ec8a6f353340a343d,80,104,52
"2018-01-19T20:18:18.000+0300",2204a5f85129895a970ab729461fcafe,5be0ebcfe46469553040ed42bdb22d85,50977,,6670bf3aac645609fbcf5bc7fb15d0bf,80,52,40
"2018-01-19T20:18:18.000+0300",2204a5f85129895a970ab729461fcafe,5be0ebcfe46469553040ed42bdb22d85,50893,,6670bf3aac645609fbcf5bc7fb15d0bf,80,52,40
"2018-01-19T20:18:18.000+0300",2204a5f85129895a970ab729461fcafe,5be0ebcfe46469553040ed42bdb22d85,50981,,abc7c0c3c169d0e33dac86cfc43d796a,80,104,52
"2018-01-19T20:18:18.000+0300",2204a5f85129895a970ab729461fcafe,5be0ebcfe46469553040ed42bdb22d85,50955,,e2bef64179190c7032158c257e2c1bf9,80,104,52
"2018-01-19T20:18:18.000+0300",2204a5f85129895a970ab729461fcafe,5be0ebcfe46469553040ed42bdb22d85,50950,,5f851de5a1827a49001470a7b1b34433,80,104,52
"2018-01-19T20:18:18.000+0300",2204a5f85129895a970ab729461fcafe,5be0ebcfe46469553040ed42bdb22d85,50988,,429a25e657413eba88d623a95f4ed4d8,80,104,52
"2018-01-19T20:18:18.000+0300",2204a5f85129895a970ab729461fcafe,5be0ebcfe46469553040ed42bdb22d85,50986,,5c28ea40dd7af4cc1aa56824ac2c342e,80,104,52
"2018-01-19T20:18:18.000+0300",2204a5f85129895a970ab729461fcafe,5be0ebcfe46469553040ed42bdb22d85,50974,,6670bf3aac645609fbcf5bc7fb15d0bf,80,52,40
"2018-01-19T20:18:18.000+0300",2204a5f85129895a970ab729461fcafe,5be0ebcfe46469553040ed42bdb22d85,50937,,bd6f233c4dd860d23d0b45499c2c7545,80,104,52
"2018-01-19T20:18:18.000+0300",2204a5f85129895a970ab729461fcafe,5be0ebcfe46469553040ed42bdb22d85,51001,,72ea4eb5bd58cdc2a491675a3c5a5993,443,104,52
"2018-01-19T20:18:18.000+0300",2204a5f85129895a970ab729461fcafe,5be0ebcfe46469553040ed42bdb22d85,50892,,cbbda2a6ddf1c9573973c9611d454474,80,80,40
"2018-01-19T20:18:18.000+0300",2204a5f85129895a970ab729461fcafe,5be0ebcfe46469553040ed42bdb22d85,50967,,abc7c0c3c169d0e33dac86cfc43d796a,80,104,52
"2018-01-19T20:18:18.000+0300",8fe83f823744de68f9c0674a61b0e77b,c0d9a2ffd27b83946405c54b9cff9104,61701,,398d3ca7997c0147a8ef34ac156c0dc8,443,1114,361
"2018-01-19T20:18:18.000+0300",2204a5f85129895a970ab729461fcafe,5be0ebcfe46469553040ed42bdb22d85,50989,,3f51a1886c773e4980bb4369e7b38196,80,104,52
"2018-01-19T20:18:18.000+0300",2204a5f85129895a970ab729461fcafe,5be0ebcfe46469553040ed42bdb22d85,50993,,98c046559307282d9f0290ff30e8bc0e,80,104,52
"2018-01-19T20:18:18.000+0300",2204a5f85129895a970ab729461fcafe,5be0ebcfe46469553040ed42bdb22d85,50992,,822e8a630b291e933814c1418090b94b,443,104,52
"2018-01-19T20:18:18.000+0300",2204a5f85129895a970ab729461fcafe,5be0ebcfe46469553040ed42bdb22d85,50980,,abc7c0c3c169d0e33dac86cfc43d796a,80,104,52
"2018-01-19T20:18:18.000+0300",2204a5f85129895a970ab729461fcafe,5be0ebcfe46469553040ed42bdb22d85,51013,,04cde5e99eca941d2c6053bf80339a2e,443,40,40
"2018-01-19T20:18:18.000+0300",2204a5f85129895a970ab729461fcafe,5be0ebcfe46469553040ed42bdb22d85,50960,,6670bf3aac645609fbcf5bc7fb15d0bf,80,52,40
"2018-01-19T20:18:18.000+0300",2204a5f85129895a970ab729461fcafe,5be0ebcfe46469553040ed42bdb22d85,50934,,78b9f923e489f36949360ca35dd581d5,80,104,52
"2018-01-19T20:18:18.000+0300",2204a5f85129895a970ab729461fcafe,5be0ebcfe46469553040ed42bdb22d85,50985,,f4befb50a5486636d016c4686c7593bf,80,52,40
"2018-01-19T20:18:18.000+0300",2204a5f85129895a970ab729461fcafe,5be0ebcfe46469553040ed42bdb22d85,50997,,0f269f45aea2133ede5e86f8dd5dbe85,80,104,52
"2018-01-19T20:18:18.000+0300",2204a5f85129895a970ab729461fcafe,5be0ebcfe46469553040ed42bdb22d85,50961,,c251e6434488732aa014b8a66f790402,80,104,52
"2018-01-19T20:18:18.000+0300",2204a5f85129895a970ab729461fcafe,5be0ebcfe46469553040ed42bdb22d85,50968,,abc7c0c3c169d0e33dac86cfc43d796a,80,104,52
"2018-01-19T20:18:18.000+0300",2204a5f85129895a970ab729461fcafe,5be0ebcfe46469553040ed42bdb22d85,50949,,1b4f19ea2b11046cc48fca7d4a48837b,80,104,52
"2018-01-19T20:18:18.000+0300",2204a5f85129895a970ab729461fcafe,5be0ebcfe46469553040ed42bdb22d85,50973,,6670bf3aac645609fbcf5bc7fb15d0bf,80,52,40
"2018-01-19T20:18:18.000+0300",2204a5f85129895a970ab729461fcafe,5be0ebcfe46469553040ed42bdb22d85,50965,,2650a89998a5cc69fd98519c9899c7eb,80,52,40
"2018-01-19T20:18:18.000+0300",2204a5f85129895a970ab729461fcafe,5be0ebcfe46469553040ed42bdb22d85,50938,,3c3b2c200ecc03be8396ceef059d3fe0,443,132,135
"2018-01-19T20:18:18.000+0300",2204a5f85129895a970ab729461fcafe,5be0ebcfe46469553040ed42bdb22d85,50990,,5c7f86694cc132aef14f30e3492816de,80,104,52
"2018-01-19T20:18:18.000+0300",2204a5f85129895a970ab729461fcafe,5be0ebcfe46469553040ed42bdb22d85,50969,,abc7c0c3c169d0e33dac86cfc43d796a,80,104,52
"2018-01-19T20:18:17.000+0300",8fe83f823744de68f9c0674a61b0e77b,c0d9a2ffd27b83946405c54b9cff9104,63253,,4b744213664ce6597faec2f767d2b9d2,443,52,137
"2018-01-19T20:18:17.000+0300",4101960e5927fafb5cd0dbbffb401cb9,4d58757b70486bab24157457e3959717,50806,,bb9659981f6b787c4846e6f0dc069e5b,443,208,227
"2018-01-19T20:18:17.000+0300",6692a413af33c3a253ac40aa4af323a6,ac448b1672608059e4d0df008c00f3db,61589,,307d6cbf8ae0f15371e42e9a69d39f31,443,458,1429
"2018-01-19T20:18:17.000+0300",6692a413af33c3a253ac40aa4af323a6,ac448b1672608059e4d0df008c00f3db,60541,,5be3262321446b9df81931241e8f9f7f,40019,214,221
"2018-01-19T20:18:16.000+0300",8fe83f823744de68f9c0674a61b0e77b,c0d9a2ffd27b83946405c54b9cff9104,63997,,b24a569f301f0835581dd4ce52583f8c,3030,4971,894
"2018-01-19T20:18:16.000+0300",d5e929fc948d75ca9356f9099a09e332,d1bb132d1dcebf079575a87c8383ec43,61997,,ce5c10bdf0a9eaa60790c5f63c07b56d,443,40,52
